Version;Date_of_report;Date_of_statistics_week_start;Variant_code;Variant_name;ECDC_category;WHO_category;May_include_samples_listed_before;Sample_size;Variant_cases
3;2022-01-06 20:17:41;2020-11-30;B.1.351;Beta;VOC;VOC;False;75;0
3;2022-01-06 20:17:41;2020-11-30;P.1;Gamma;VOC;VOC;False;75;0
3;2022-01-06 20:17:41;2020-11-30;B.1.617.2;Delta;VOC;VOC;False;75;0
3;2022-01-06 20:17:41;2020-11-30;B.1.1.529;Omicron;VOC;VOC;False;75;0
3;2022-01-06 20:17:41;2020-11-30;B.1.621;Mu;VOI;VOI;False;75;0
3;2022-01-06 20:17:41;2020-11-30;C.37;Lambda;VOI;VOI;False;75;0
3;2022-01-06 20:17:41;2020-11-30;AY.4.2;;VOI;;True;75;0
3;2022-01-06 20:17:41;2020-11-30;C.36+S:L452R;;VUM;;False;75;0
3;2022-01-06 20:17:41;2020-11-30;B.1.1.318;;VUM;;False;75;0
3;2022-01-06 20:17:41;2020-11-30;P.1+S:P681H;;VUM;;True;75;0
3;2022-01-06 20:17:41;2020-11-30;B.1.617.2+S:K417N;;VUM;;True;75;0
3;2022-01-06 20:17:41;2020-11-30;C.1.2;;VUM;VUM;False;75;0
3;2022-01-06 20:17:41;2020-11-30;B.1.617.2+S:E484del;;VUM;;True;75;0
3;2022-01-06 20:17:41;2020-11-30;B.1.617.2+S:Q613H;;VUM;;True;75;0
3;2022-01-06 20:17:41;2020-11-30;B.1.617.2+S:Q677H;;VUM;;True;75;0
3;2022-01-06 20:17:41;2020-11-30;B.1.640;;VUM;VUM;False;75;0
3;2022-01-06 20:17:41;2020-11-30;B.1.1.7;Alpha;DEV;VOI;False;75;1
3;2022-01-06 20:17:41;2020-11-30;B.1.525;;DEV;VUM;False;75;0
3;2022-01-06 20:17:41;2020-11-30;B.1.617.1;;DEV;VUM;False;75;0
3;2022-01-06 20:17:41;2020-11-30;B.1.526;;DEV;VUM;False;75;0
3;2022-01-06 20:17:41;2020-11-30;B.1.1.519;;DEV;VUM;False;75;0
3;2022-01-06 20:17:41;2020-11-30;B.1.630;;;VUM;False;75;0
3;2022-01-06 20:17:41;2020-11-30;AZ.5;;;VUM;True;75;0
3;2022-01-06 20:17:41;2020-12-07;B.1.351;Beta;VOC;VOC;False;127;0
3;2022-01-06 20:17:41;2020-12-07;P.1;Gamma;VOC;VOC;False;127;0
3;2022-01-06 20:17:41;2020-12-07;B.1.617.2;Delta;VOC;VOC;False;127;0
3;2022-01-06 20:17:41;2020-12-07;B.1.1.529;Omicron;VOC;VOC;False;127;0
3;2022-01-06 20:17:41;2020-12-07;B.1.621;Mu;VOI;VOI;False;127;0
3;2022-01-06 20:17:41;2020-12-07;C.37;Lambda;VOI;VOI;False;127;0
3;2022-01-06 20:17:41;2020-12-07;AY.4.2;;VOI;;True;127;0
3;2022-01-06 20:17:41;2020-12-07;C.36+S:L452R;;VUM;;False;127;0
3;2022-01-06 20:17:41;2020-12-07;B.1.1.318;;VUM;;False;127;0
3;2022-01-06 20:17:41;2020-12-07;P.1+S:P681H;;VUM;;True;127;0
3;2022-01-06 20:17:41;2020-12-07;B.1.617.2+S:K417N;;VUM;;True;127;0
3;2022-01-06 20:17:41;2020-12-07;C.1.2;;VUM;VUM;False;127;0
3;2022-01-06 20:17:41;2020-12-07;B.1.617.2+S:E484del;;VUM;;True;127;0
3;2022-01-06 20:17:41;2020-12-07;B.1.617.2+S:Q613H;;VUM;;True;127;0
3;2022-01-06 20:17:41;2020-12-07;B.1.617.2+S:Q677H;;VUM;;True;127;0
3;2022-01-06 20:17:41;2020-12-07;B.1.640;;VUM;VUM;False;127;0
3;2022-01-06 20:17:41;2020-12-07;B.1.1.7;Alpha;DEV;VOI;False;127;1
3;2022-01-06 20:17:41;2020-12-07;B.1.525;;DEV;VUM;False;127;0
3;2022-01-06 20:17:41;2020-12-07;B.1.617.1;;DEV;VUM;False;127;0
3;2022-01-06 20:17:41;2020-12-07;B.1.526;;DEV;VUM;False;127;0
3;2022-01-06 20:17:41;2020-12-07;B.1.1.519;;DEV;VUM;False;127;0
3;2022-01-06 20:17:41;2020-12-07;B.1.630;;;VUM;False;127;0
3;2022-01-06 20:17:41;2020-12-07;AZ.5;;;VUM;True;127;0
3;2022-01-06 20:17:41;2020-12-14;B.1.351;Beta;VOC;VOC;False;203;0
3;2022-01-06 20:17:41;2020-12-14;P.1;Gamma;VOC;VOC;False;203;0
3;2022-01-06 20:17:41;2020-12-14;B.1.617.2;Delta;VOC;VOC;False;203;0
3;2022-01-06 20:17:41;2020-12-14;B.1.1.529;Omicron;VOC;VOC;False;203;0
3;2022-01-06 20:17:41;2020-12-14;B.1.621;Mu;VOI;VOI;False;203;0
3;2022-01-06 20:17:41;2020-12-14;C.37;Lambda;VOI;VOI;False;203;0
3;2022-01-06 20:17:41;2020-12-14;AY.4.2;;VOI;;True;203;0
3;2022-01-06 20:17:41;2020-12-14;C.36+S:L452R;;VUM;;False;203;0
3;2022-01-06 20:17:41;2020-12-14;B.1.1.318;;VUM;;False;203;0
3;2022-01-06 20:17:41;2020-12-14;P.1+S:P681H;;VUM;;True;203;0
3;2022-01-06 20:17:41;2020-12-14;B.1.617.2+S:K417N;;VUM;;True;203;0
3;2022-01-06 20:17:41;2020-12-14;C.1.2;;VUM;VUM;False;203;0
3;2022-01-06 20:17:41;2020-12-14;B.1.617.2+S:E484del;;VUM;;True;203;0
3;2022-01-06 20:17:41;2020-12-14;B.1.617.2+S:Q613H;;VUM;;True;203;0
3;2022-01-06 20:17:41;2020-12-14;B.1.617.2+S:Q677H;;VUM;;True;203;0
3;2022-01-06 20:17:41;2020-12-14;B.1.640;;VUM;VUM;False;203;0
3;2022-01-06 20:17:41;2020-12-14;B.1.1.7;Alpha;DEV;VOI;False;203;1
3;2022-01-06 20:17:41;2020-12-14;B.1.525;;DEV;VUM;False;203;0
3;2022-01-06 20:17:41;2020-12-14;B.1.617.1;;DEV;VUM;False;203;0
3;2022-01-06 20:17:41;2020-12-14;B.1.526;;DEV;VUM;False;203;0
3;2022-01-06 20:17:41;2020-12-14;B.1.1.519;;DEV;VUM;False;203;0
3;2022-01-06 20:17:41;2020-12-14;B.1.630;;;VUM;False;203;0
3;2022-01-06 20:17:41;2020-12-14;AZ.5;;;VUM;True;203;0
3;2022-01-06 20:17:41;2020-12-21;B.1.351;Beta;VOC;VOC;False;257;1
3;2022-01-06 20:17:41;2020-12-21;P.1;Gamma;VOC;VOC;False;257;0
3;2022-01-06 20:17:41;2020-12-21;B.1.617.2;Delta;VOC;VOC;False;257;0
3;2022-01-06 20:17:41;2020-12-21;B.1.1.529;Omicron;VOC;VOC;False;257;0
3;2022-01-06 20:17:41;2020-12-21;B.1.621;Mu;VOI;VOI;False;257;0
3;2022-01-06 20:17:41;2020-12-21;C.37;Lambda;VOI;VOI;False;257;0
3;2022-01-06 20:17:41;2020-12-21;AY.4.2;;VOI;;True;257;0
3;2022-01-06 20:17:41;2020-12-21;C.36+S:L452R;;VUM;;False;257;0
3;2022-01-06 20:17:41;2020-12-21;B.1.1.318;;VUM;;False;257;0
3;2022-01-06 20:17:41;2020-12-21;P.1+S:P681H;;VUM;;True;257;0
3;2022-01-06 20:17:41;2020-12-21;B.1.617.2+S:K417N;;VUM;;True;257;0
3;2022-01-06 20:17:41;2020-12-21;C.1.2;;VUM;VUM;False;257;0
3;2022-01-06 20:17:41;2020-12-21;B.1.617.2+S:E484del;;VUM;;True;257;0
3;2022-01-06 20:17:41;2020-12-21;B.1.617.2+S:Q613H;;VUM;;True;257;0
3;2022-01-06 20:17:41;2020-12-21;B.1.617.2+S:Q677H;;VUM;;True;257;0
3;2022-01-06 20:17:41;2020-12-21;B.1.640;;VUM;VUM;False;257;0
3;2022-01-06 20:17:41;2020-12-21;B.1.1.7;Alpha;DEV;VOI;False;257;5
3;2022-01-06 20:17:41;2020-12-21;B.1.525;;DEV;VUM;False;257;0
3;2022-01-06 20:17:41;2020-12-21;B.1.617.1;;DEV;VUM;False;257;0
3;2022-01-06 20:17:41;2020-12-21;B.1.526;;DEV;VUM;False;257;0
3;2022-01-06 20:17:41;2020-12-21;B.1.1.519;;DEV;VUM;False;257;0
3;2022-01-06 20:17:41;2020-12-21;B.1.630;;;VUM;False;257;0
3;2022-01-06 20:17:41;2020-12-21;AZ.5;;;VUM;True;257;0
3;2022-01-06 20:17:41;2020-12-28;B.1.351;Beta;VOC;VOC;False;207;1
3;2022-01-06 20:17:41;2020-12-28;P.1;Gamma;VOC;VOC;False;207;0
3;2022-01-06 20:17:41;2020-12-28;B.1.617.2;Delta;VOC;VOC;False;207;0
3;2022-01-06 20:17:41;2020-12-28;B.1.1.529;Omicron;VOC;VOC;False;207;0
3;2022-01-06 20:17:41;2020-12-28;B.1.621;Mu;VOI;VOI;False;207;0
3;2022-01-06 20:17:41;2020-12-28;C.37;Lambda;VOI;VOI;False;207;0
3;2022-01-06 20:17:41;2020-12-28;AY.4.2;;VOI;;True;207;0
3;2022-01-06 20:17:41;2020-12-28;C.36+S:L452R;;VUM;;False;207;0
3;2022-01-06 20:17:41;2020-12-28;B.1.1.318;;VUM;;False;207;0
3;2022-01-06 20:17:41;2020-12-28;P.1+S:P681H;;VUM;;True;207;0
3;2022-01-06 20:17:41;2020-12-28;B.1.617.2+S:K417N;;VUM;;True;207;0
3;2022-01-06 20:17:41;2020-12-28;C.1.2;;VUM;VUM;False;207;0
3;2022-01-06 20:17:41;2020-12-28;B.1.617.2+S:E484del;;VUM;;True;207;0
3;2022-01-06 20:17:41;2020-12-28;B.1.617.2+S:Q613H;;VUM;;True;207;0
3;2022-01-06 20:17:41;2020-12-28;B.1.617.2+S:Q677H;;VUM;;True;207;0
3;2022-01-06 20:17:41;2020-12-28;B.1.640;;VUM;VUM;False;207;0
3;2022-01-06 20:17:41;2020-12-28;B.1.1.7;Alpha;DEV;VOI;False;207;9
3;2022-01-06 20:17:41;2020-12-28;B.1.525;;DEV;VUM;False;207;0
3;2022-01-06 20:17:41;2020-12-28;B.1.617.1;;DEV;VUM;False;207;0
3;2022-01-06 20:17:41;2020-12-28;B.1.526;;DEV;VUM;False;207;0
3;2022-01-06 20:17:41;2020-12-28;B.1.1.519;;DEV;VUM;False;207;0
3;2022-01-06 20:17:41;2020-12-28;B.1.630;;;VUM;False;207;0
3;2022-01-06 20:17:41;2020-12-28;AZ.5;;;VUM;True;207;0
3;2022-01-06 20:17:41;2021-01-04;B.1.351;Beta;VOC;VOC;False;356;0
3;2022-01-06 20:17:41;2021-01-04;P.1;Gamma;VOC;VOC;False;356;0
3;2022-01-06 20:17:41;2021-01-04;B.1.617.2;Delta;VOC;VOC;False;356;0
3;2022-01-06 20:17:41;2021-01-04;B.1.1.529;Omicron;VOC;VOC;False;356;0
3;2022-01-06 20:17:41;2021-01-04;B.1.621;Mu;VOI;VOI;False;356;0
3;2022-01-06 20:17:41;2021-01-04;C.37;Lambda;VOI;VOI;False;356;0
3;2022-01-06 20:17:41;2021-01-04;AY.4.2;;VOI;;True;356;0
3;2022-01-06 20:17:41;2021-01-04;C.36+S:L452R;;VUM;;False;356;0
3;2022-01-06 20:17:41;2021-01-04;B.1.1.318;;VUM;;False;356;0
3;2022-01-06 20:17:41;2021-01-04;P.1+S:P681H;;VUM;;True;356;0
3;2022-01-06 20:17:41;2021-01-04;B.1.617.2+S:K417N;;VUM;;True;356;0
3;2022-01-06 20:17:41;2021-01-04;C.1.2;;VUM;VUM;False;356;0
3;2022-01-06 20:17:41;2021-01-04;B.1.617.2+S:E484del;;VUM;;True;356;0
3;2022-01-06 20:17:41;2021-01-04;B.1.617.2+S:Q613H;;VUM;;True;356;0
3;2022-01-06 20:17:41;2021-01-04;B.1.617.2+S:Q677H;;VUM;;True;356;0
3;2022-01-06 20:17:41;2021-01-04;B.1.640;;VUM;VUM;False;356;0
3;2022-01-06 20:17:41;2021-01-04;B.1.1.7;Alpha;DEV;VOI;False;356;45
3;2022-01-06 20:17:41;2021-01-04;B.1.525;;DEV;VUM;False;356;0
3;2022-01-06 20:17:41;2021-01-04;B.1.617.1;;DEV;VUM;False;356;0
3;2022-01-06 20:17:41;2021-01-04;B.1.526;;DEV;VUM;False;356;0
3;2022-01-06 20:17:41;2021-01-04;B.1.1.519;;DEV;VUM;False;356;0
3;2022-01-06 20:17:41;2021-01-04;B.1.630;;;VUM;False;356;0
3;2022-01-06 20:17:41;2021-01-04;AZ.5;;;VUM;True;356;0
3;2022-01-06 20:17:41;2021-01-11;B.1.351;Beta;VOC;VOC;False;305;3
3;2022-01-06 20:17:41;2021-01-11;P.1;Gamma;VOC;VOC;False;305;0
3;2022-01-06 20:17:41;2021-01-11;B.1.617.2;Delta;VOC;VOC;False;305;2
3;2022-01-06 20:17:41;2021-01-11;B.1.1.529;Omicron;VOC;VOC;False;305;0
3;2022-01-06 20:17:41;2021-01-11;B.1.621;Mu;VOI;VOI;False;305;0
3;2022-01-06 20:17:41;2021-01-11;C.37;Lambda;VOI;VOI;False;305;0
3;2022-01-06 20:17:41;2021-01-11;AY.4.2;;VOI;;True;305;0
3;2022-01-06 20:17:41;2021-01-11;C.36+S:L452R;;VUM;;False;305;0
3;2022-01-06 20:17:41;2021-01-11;B.1.1.318;;VUM;;False;305;0
3;2022-01-06 20:17:41;2021-01-11;P.1+S:P681H;;VUM;;True;305;0
3;2022-01-06 20:17:41;2021-01-11;B.1.617.2+S:K417N;;VUM;;True;305;0
3;2022-01-06 20:17:41;2021-01-11;C.1.2;;VUM;VUM;False;305;0
3;2022-01-06 20:17:41;2021-01-11;B.1.617.2+S:E484del;;VUM;;True;305;0
3;2022-01-06 20:17:41;2021-01-11;B.1.617.2+S:Q613H;;VUM;;True;305;0
3;2022-01-06 20:17:41;2021-01-11;B.1.617.2+S:Q677H;;VUM;;True;305;0
3;2022-01-06 20:17:41;2021-01-11;B.1.640;;VUM;VUM;False;305;0
3;2022-01-06 20:17:41;2021-01-11;B.1.1.7;Alpha;DEV;VOI;False;305;60
3;2022-01-06 20:17:41;2021-01-11;B.1.525;;DEV;VUM;False;305;0
3;2022-01-06 20:17:41;2021-01-11;B.1.617.1;;DEV;VUM;False;305;0
3;2022-01-06 20:17:41;2021-01-11;B.1.526;;DEV;VUM;False;305;0
3;2022-01-06 20:17:41;2021-01-11;B.1.1.519;;DEV;VUM;False;305;0
3;2022-01-06 20:17:41;2021-01-11;B.1.630;;;VUM;False;305;0
3;2022-01-06 20:17:41;2021-01-11;AZ.5;;;VUM;True;305;0
3;2022-01-06 20:17:41;2021-01-18;B.1.351;Beta;VOC;VOC;False;651;3
3;2022-01-06 20:17:41;2021-01-18;P.1;Gamma;VOC;VOC;False;651;0
3;2022-01-06 20:17:41;2021-01-18;B.1.617.2;Delta;VOC;VOC;False;651;0
3;2022-01-06 20:17:41;2021-01-18;B.1.1.529;Omicron;VOC;VOC;False;651;0
3;2022-01-06 20:17:41;2021-01-18;B.1.621;Mu;VOI;VOI;False;651;0
3;2022-01-06 20:17:41;2021-01-18;C.37;Lambda;VOI;VOI;False;651;0
3;2022-01-06 20:17:41;2021-01-18;AY.4.2;;VOI;;True;651;0
3;2022-01-06 20:17:41;2021-01-18;C.36+S:L452R;;VUM;;False;651;0
3;2022-01-06 20:17:41;2021-01-18;B.1.1.318;;VUM;;False;651;0
3;2022-01-06 20:17:41;2021-01-18;P.1+S:P681H;;VUM;;True;651;0
3;2022-01-06 20:17:41;2021-01-18;B.1.617.2+S:K417N;;VUM;;True;651;0
3;2022-01-06 20:17:41;2021-01-18;C.1.2;;VUM;VUM;False;651;0
3;2022-01-06 20:17:41;2021-01-18;B.1.617.2+S:E484del;;VUM;;True;651;0
3;2022-01-06 20:17:41;2021-01-18;B.1.617.2+S:Q613H;;VUM;;True;651;0
3;2022-01-06 20:17:41;2021-01-18;B.1.617.2+S:Q677H;;VUM;;True;651;0
3;2022-01-06 20:17:41;2021-01-18;B.1.640;;VUM;VUM;False;651;0
3;2022-01-06 20:17:41;2021-01-18;B.1.1.7;Alpha;DEV;VOI;False;651;158
3;2022-01-06 20:17:41;2021-01-18;B.1.525;;DEV;VUM;False;651;0
3;2022-01-06 20:17:41;2021-01-18;B.1.617.1;;DEV;VUM;False;651;0
3;2022-01-06 20:17:41;2021-01-18;B.1.526;;DEV;VUM;False;651;0
3;2022-01-06 20:17:41;2021-01-18;B.1.1.519;;DEV;VUM;False;651;0
3;2022-01-06 20:17:41;2021-01-18;B.1.630;;;VUM;False;651;0
3;2022-01-06 20:17:41;2021-01-18;AZ.5;;;VUM;True;651;0
3;2022-01-06 20:17:41;2021-01-25;B.1.351;Beta;VOC;VOC;False;876;14
3;2022-01-06 20:17:41;2021-01-25;P.1;Gamma;VOC;VOC;False;876;1
3;2022-01-06 20:17:41;2021-01-25;B.1.617.2;Delta;VOC;VOC;False;876;0
3;2022-01-06 20:17:41;2021-01-25;B.1.1.529;Omicron;VOC;VOC;False;876;0
3;2022-01-06 20:17:41;2021-01-25;B.1.621;Mu;VOI;VOI;False;876;0
3;2022-01-06 20:17:41;2021-01-25;C.37;Lambda;VOI;VOI;False;876;0
3;2022-01-06 20:17:41;2021-01-25;AY.4.2;;VOI;;True;876;0
3;2022-01-06 20:17:41;2021-01-25;C.36+S:L452R;;VUM;;False;876;0
3;2022-01-06 20:17:41;2021-01-25;B.1.1.318;;VUM;;False;876;0
3;2022-01-06 20:17:41;2021-01-25;P.1+S:P681H;;VUM;;True;876;0
3;2022-01-06 20:17:41;2021-01-25;B.1.617.2+S:K417N;;VUM;;True;876;0
3;2022-01-06 20:17:41;2021-01-25;C.1.2;;VUM;VUM;False;876;0
3;2022-01-06 20:17:41;2021-01-25;B.1.617.2+S:E484del;;VUM;;True;876;0
3;2022-01-06 20:17:41;2021-01-25;B.1.617.2+S:Q613H;;VUM;;True;876;0
3;2022-01-06 20:17:41;2021-01-25;B.1.617.2+S:Q677H;;VUM;;True;876;0
3;2022-01-06 20:17:41;2021-01-25;B.1.640;;VUM;VUM;False;876;0
3;2022-01-06 20:17:41;2021-01-25;B.1.1.7;Alpha;DEV;VOI;False;876;216
3;2022-01-06 20:17:41;2021-01-25;B.1.525;;DEV;VUM;False;876;0
3;2022-01-06 20:17:41;2021-01-25;B.1.617.1;;DEV;VUM;False;876;0
3;2022-01-06 20:17:41;2021-01-25;B.1.526;;DEV;VUM;False;876;0
3;2022-01-06 20:17:41;2021-01-25;B.1.1.519;;DEV;VUM;False;876;0
3;2022-01-06 20:17:41;2021-01-25;B.1.630;;;VUM;False;876;0
3;2022-01-06 20:17:41;2021-01-25;AZ.5;;;VUM;True;876;0
3;2022-01-06 20:17:41;2021-02-01;B.1.351;Beta;VOC;VOC;False;867;18
3;2022-01-06 20:17:41;2021-02-01;P.1;Gamma;VOC;VOC;False;867;0
3;2022-01-06 20:17:41;2021-02-01;B.1.617.2;Delta;VOC;VOC;False;867;0
3;2022-01-06 20:17:41;2021-02-01;B.1.1.529;Omicron;VOC;VOC;False;867;0
3;2022-01-06 20:17:41;2021-02-01;B.1.621;Mu;VOI;VOI;False;867;0
3;2022-01-06 20:17:41;2021-02-01;C.37;Lambda;VOI;VOI;False;867;0
3;2022-01-06 20:17:41;2021-02-01;AY.4.2;;VOI;;True;867;0
3;2022-01-06 20:17:41;2021-02-01;C.36+S:L452R;;VUM;;False;867;0
3;2022-01-06 20:17:41;2021-02-01;B.1.1.318;;VUM;;False;867;0
3;2022-01-06 20:17:41;2021-02-01;P.1+S:P681H;;VUM;;True;867;0
3;2022-01-06 20:17:41;2021-02-01;B.1.617.2+S:K417N;;VUM;;True;867;0
3;2022-01-06 20:17:41;2021-02-01;C.1.2;;VUM;VUM;False;867;0
3;2022-01-06 20:17:41;2021-02-01;B.1.617.2+S:E484del;;VUM;;True;867;0
3;2022-01-06 20:17:41;2021-02-01;B.1.617.2+S:Q613H;;VUM;;True;867;0
3;2022-01-06 20:17:41;2021-02-01;B.1.617.2+S:Q677H;;VUM;;True;867;0
3;2022-01-06 20:17:41;2021-02-01;B.1.640;;VUM;VUM;False;867;0
3;2022-01-06 20:17:41;2021-02-01;B.1.1.7;Alpha;DEV;VOI;False;867;206
3;2022-01-06 20:17:41;2021-02-01;B.1.525;;DEV;VUM;False;867;2
3;2022-01-06 20:17:41;2021-02-01;B.1.617.1;;DEV;VUM;False;867;0
3;2022-01-06 20:17:41;2021-02-01;B.1.526;;DEV;VUM;False;867;0
3;2022-01-06 20:17:41;2021-02-01;B.1.1.519;;DEV;VUM;False;867;1
3;2022-01-06 20:17:41;2021-02-01;B.1.630;;;VUM;False;867;0
3;2022-01-06 20:17:41;2021-02-01;AZ.5;;;VUM;True;867;0
3;2022-01-06 20:17:41;2021-02-08;B.1.351;Beta;VOC;VOC;False;937;30
3;2022-01-06 20:17:41;2021-02-08;P.1;Gamma;VOC;VOC;False;937;1
3;2022-01-06 20:17:41;2021-02-08;B.1.617.2;Delta;VOC;VOC;False;937;0
3;2022-01-06 20:17:41;2021-02-08;B.1.1.529;Omicron;VOC;VOC;False;937;0
3;2022-01-06 20:17:41;2021-02-08;B.1.621;Mu;VOI;VOI;False;937;0
3;2022-01-06 20:17:41;2021-02-08;C.37;Lambda;VOI;VOI;False;937;0
3;2022-01-06 20:17:41;2021-02-08;AY.4.2;;VOI;;True;937;0
3;2022-01-06 20:17:41;2021-02-08;C.36+S:L452R;;VUM;;False;937;0
3;2022-01-06 20:17:41;2021-02-08;B.1.1.318;;VUM;;False;937;0
3;2022-01-06 20:17:41;2021-02-08;P.1+S:P681H;;VUM;;True;937;1
3;2022-01-06 20:17:41;2021-02-08;B.1.617.2+S:K417N;;VUM;;True;937;0
3;2022-01-06 20:17:41;2021-02-08;C.1.2;;VUM;VUM;False;937;0
3;2022-01-06 20:17:41;2021-02-08;B.1.617.2+S:E484del;;VUM;;True;937;0
3;2022-01-06 20:17:41;2021-02-08;B.1.617.2+S:Q613H;;VUM;;True;937;0
3;2022-01-06 20:17:41;2021-02-08;B.1.617.2+S:Q677H;;VUM;;True;937;0
3;2022-01-06 20:17:41;2021-02-08;B.1.640;;VUM;VUM;False;937;0
3;2022-01-06 20:17:41;2021-02-08;B.1.1.7;Alpha;DEV;VOI;False;937;250
3;2022-01-06 20:17:41;2021-02-08;B.1.525;;DEV;VUM;False;937;1
3;2022-01-06 20:17:41;2021-02-08;B.1.617.1;;DEV;VUM;False;937;0
3;2022-01-06 20:17:41;2021-02-08;B.1.526;;DEV;VUM;False;937;0
3;2022-01-06 20:17:41;2021-02-08;B.1.1.519;;DEV;VUM;False;937;0
3;2022-01-06 20:17:41;2021-02-08;B.1.630;;;VUM;False;937;0
3;2022-01-06 20:17:41;2021-02-08;AZ.5;;;VUM;True;937;0
3;2022-01-06 20:17:41;2021-02-15;B.1.351;Beta;VOC;VOC;False;1048;32
3;2022-01-06 20:17:41;2021-02-15;P.1;Gamma;VOC;VOC;False;1048;1
3;2022-01-06 20:17:41;2021-02-15;B.1.617.2;Delta;VOC;VOC;False;1048;0
3;2022-01-06 20:17:41;2021-02-15;B.1.1.529;Omicron;VOC;VOC;False;1048;0
3;2022-01-06 20:17:41;2021-02-15;B.1.621;Mu;VOI;VOI;False;1048;0
3;2022-01-06 20:17:41;2021-02-15;C.37;Lambda;VOI;VOI;False;1048;0
3;2022-01-06 20:17:41;2021-02-15;AY.4.2;;VOI;;True;1048;0
3;2022-01-06 20:17:41;2021-02-15;C.36+S:L452R;;VUM;;False;1048;0
3;2022-01-06 20:17:41;2021-02-15;B.1.1.318;;VUM;;False;1048;0
3;2022-01-06 20:17:41;2021-02-15;P.1+S:P681H;;VUM;;True;1048;0
3;2022-01-06 20:17:41;2021-02-15;B.1.617.2+S:K417N;;VUM;;True;1048;0
3;2022-01-06 20:17:41;2021-02-15;C.1.2;;VUM;VUM;False;1048;0
3;2022-01-06 20:17:41;2021-02-15;B.1.617.2+S:E484del;;VUM;;True;1048;0
3;2022-01-06 20:17:41;2021-02-15;B.1.617.2+S:Q613H;;VUM;;True;1048;0
3;2022-01-06 20:17:41;2021-02-15;B.1.617.2+S:Q677H;;VUM;;True;1048;0
3;2022-01-06 20:17:41;2021-02-15;B.1.640;;VUM;VUM;False;1048;0
3;2022-01-06 20:17:41;2021-02-15;B.1.1.7;Alpha;DEV;VOI;False;1048;617
3;2022-01-06 20:17:41;2021-02-15;B.1.525;;DEV;VUM;False;1048;4
3;2022-01-06 20:17:41;2021-02-15;B.1.617.1;;DEV;VUM;False;1048;0
3;2022-01-06 20:17:41;2021-02-15;B.1.526;;DEV;VUM;False;1048;0
3;2022-01-06 20:17:41;2021-02-15;B.1.1.519;;DEV;VUM;False;1048;0
3;2022-01-06 20:17:41;2021-02-15;B.1.630;;;VUM;False;1048;0
3;2022-01-06 20:17:41;2021-02-15;AZ.5;;;VUM;True;1048;0
3;2022-01-06 20:17:41;2021-02-22;B.1.351;Beta;VOC;VOC;False;1037;19
3;2022-01-06 20:17:41;2021-02-22;P.1;Gamma;VOC;VOC;False;1037;3
3;2022-01-06 20:17:41;2021-02-22;B.1.617.2;Delta;VOC;VOC;False;1037;0
3;2022-01-06 20:17:41;2021-02-22;B.1.1.529;Omicron;VOC;VOC;False;1037;0
3;2022-01-06 20:17:41;2021-02-22;B.1.621;Mu;VOI;VOI;False;1037;0
3;2022-01-06 20:17:41;2021-02-22;C.37;Lambda;VOI;VOI;False;1037;0
3;2022-01-06 20:17:41;2021-02-22;AY.4.2;;VOI;;True;1037;0
3;2022-01-06 20:17:41;2021-02-22;C.36+S:L452R;;VUM;;False;1037;0
3;2022-01-06 20:17:41;2021-02-22;B.1.1.318;;VUM;;False;1037;0
3;2022-01-06 20:17:41;2021-02-22;P.1+S:P681H;;VUM;;True;1037;0
3;2022-01-06 20:17:41;2021-02-22;B.1.617.2+S:K417N;;VUM;;True;1037;0
3;2022-01-06 20:17:41;2021-02-22;C.1.2;;VUM;VUM;False;1037;0
3;2022-01-06 20:17:41;2021-02-22;B.1.617.2+S:E484del;;VUM;;True;1037;0
3;2022-01-06 20:17:41;2021-02-22;B.1.617.2+S:Q613H;;VUM;;True;1037;0
3;2022-01-06 20:17:41;2021-02-22;B.1.617.2+S:Q677H;;VUM;;True;1037;0
3;2022-01-06 20:17:41;2021-02-22;B.1.640;;VUM;VUM;False;1037;0
3;2022-01-06 20:17:41;2021-02-22;B.1.1.7;Alpha;DEV;VOI;False;1037;794
3;2022-01-06 20:17:41;2021-02-22;B.1.525;;DEV;VUM;False;1037;0
3;2022-01-06 20:17:41;2021-02-22;B.1.617.1;;DEV;VUM;False;1037;0
3;2022-01-06 20:17:41;2021-02-22;B.1.526;;DEV;VUM;False;1037;0
3;2022-01-06 20:17:41;2021-02-22;B.1.1.519;;DEV;VUM;False;1037;2
3;2022-01-06 20:17:41;2021-02-22;B.1.630;;;VUM;False;1037;0
3;2022-01-06 20:17:41;2021-02-22;AZ.5;;;VUM;True;1037;0
3;2022-01-06 20:17:41;2021-03-01;B.1.351;Beta;VOC;VOC;False;1515;24
3;2022-01-06 20:17:41;2021-03-01;P.1;Gamma;VOC;VOC;False;1515;10
3;2022-01-06 20:17:41;2021-03-01;B.1.617.2;Delta;VOC;VOC;False;1515;0
3;2022-01-06 20:17:41;2021-03-01;B.1.1.529;Omicron;VOC;VOC;False;1515;0
3;2022-01-06 20:17:41;2021-03-01;B.1.621;Mu;VOI;VOI;False;1515;0
3;2022-01-06 20:17:41;2021-03-01;C.37;Lambda;VOI;VOI;False;1515;0
3;2022-01-06 20:17:41;2021-03-01;AY.4.2;;VOI;;True;1515;0
3;2022-01-06 20:17:41;2021-03-01;C.36+S:L452R;;VUM;;False;1515;0
3;2022-01-06 20:17:41;2021-03-01;B.1.1.318;;VUM;;False;1515;0
3;2022-01-06 20:17:41;2021-03-01;P.1+S:P681H;;VUM;;True;1515;0
3;2022-01-06 20:17:41;2021-03-01;B.1.617.2+S:K417N;;VUM;;True;1515;0
3;2022-01-06 20:17:41;2021-03-01;C.1.2;;VUM;VUM;False;1515;0
3;2022-01-06 20:17:41;2021-03-01;B.1.617.2+S:E484del;;VUM;;True;1515;0
3;2022-01-06 20:17:41;2021-03-01;B.1.617.2+S:Q613H;;VUM;;True;1515;0
3;2022-01-06 20:17:41;2021-03-01;B.1.617.2+S:Q677H;;VUM;;True;1515;0
3;2022-01-06 20:17:41;2021-03-01;B.1.640;;VUM;VUM;False;1515;0
3;2022-01-06 20:17:41;2021-03-01;B.1.1.7;Alpha;DEV;VOI;False;1515;1269
3;2022-01-06 20:17:41;2021-03-01;B.1.525;;DEV;VUM;False;1515;7
3;2022-01-06 20:17:41;2021-03-01;B.1.617.1;;DEV;VUM;False;1515;0
3;2022-01-06 20:17:41;2021-03-01;B.1.526;;DEV;VUM;False;1515;0
3;2022-01-06 20:17:41;2021-03-01;B.1.1.519;;DEV;VUM;False;1515;1
3;2022-01-06 20:17:41;2021-03-01;B.1.630;;;VUM;False;1515;0
3;2022-01-06 20:17:41;2021-03-01;AZ.5;;;VUM;True;1515;0
3;2022-01-06 20:17:41;2021-03-08;B.1.351;Beta;VOC;VOC;False;1975;56
3;2022-01-06 20:17:41;2021-03-08;P.1;Gamma;VOC;VOC;False;1975;13
3;2022-01-06 20:17:41;2021-03-08;B.1.617.2;Delta;VOC;VOC;False;1975;1
3;2022-01-06 20:17:41;2021-03-08;B.1.1.529;Omicron;VOC;VOC;False;1975;0
3;2022-01-06 20:17:41;2021-03-08;B.1.621;Mu;VOI;VOI;False;1975;0
3;2022-01-06 20:17:41;2021-03-08;C.37;Lambda;VOI;VOI;False;1975;0
3;2022-01-06 20:17:41;2021-03-08;AY.4.2;;VOI;;True;1975;0
3;2022-01-06 20:17:41;2021-03-08;C.36+S:L452R;;VUM;;False;1975;0
3;2022-01-06 20:17:41;2021-03-08;B.1.1.318;;VUM;;False;1975;1
3;2022-01-06 20:17:41;2021-03-08;P.1+S:P681H;;VUM;;True;1975;0
3;2022-01-06 20:17:41;2021-03-08;B.1.617.2+S:K417N;;VUM;;True;1975;0
3;2022-01-06 20:17:41;2021-03-08;C.1.2;;VUM;VUM;False;1975;0
3;2022-01-06 20:17:41;2021-03-08;B.1.617.2+S:E484del;;VUM;;True;1975;0
3;2022-01-06 20:17:41;2021-03-08;B.1.617.2+S:Q613H;;VUM;;True;1975;0
3;2022-01-06 20:17:41;2021-03-08;B.1.617.2+S:Q677H;;VUM;;True;1975;0
3;2022-01-06 20:17:41;2021-03-08;B.1.640;;VUM;VUM;False;1975;0
3;2022-01-06 20:17:41;2021-03-08;B.1.1.7;Alpha;DEV;VOI;False;1975;1728
3;2022-01-06 20:17:41;2021-03-08;B.1.525;;DEV;VUM;False;1975;5
3;2022-01-06 20:17:41;2021-03-08;B.1.617.1;;DEV;VUM;False;1975;0
3;2022-01-06 20:17:41;2021-03-08;B.1.526;;DEV;VUM;False;1975;0
3;2022-01-06 20:17:41;2021-03-08;B.1.1.519;;DEV;VUM;False;1975;0
3;2022-01-06 20:17:41;2021-03-08;B.1.630;;;VUM;False;1975;0
3;2022-01-06 20:17:41;2021-03-08;AZ.5;;;VUM;True;1975;0
3;2022-01-06 20:17:41;2021-03-15;B.1.351;Beta;VOC;VOC;False;1563;56
3;2022-01-06 20:17:41;2021-03-15;P.1;Gamma;VOC;VOC;False;1563;23
3;2022-01-06 20:17:41;2021-03-15;B.1.617.2;Delta;VOC;VOC;False;1563;0
3;2022-01-06 20:17:41;2021-03-15;B.1.1.529;Omicron;VOC;VOC;False;1563;0
3;2022-01-06 20:17:41;2021-03-15;B.1.621;Mu;VOI;VOI;False;1563;0
3;2022-01-06 20:17:41;2021-03-15;C.37;Lambda;VOI;VOI;False;1563;0
3;2022-01-06 20:17:41;2021-03-15;AY.4.2;;VOI;;True;1563;0
3;2022-01-06 20:17:41;2021-03-15;C.36+S:L452R;;VUM;;False;1563;0
3;2022-01-06 20:17:41;2021-03-15;B.1.1.318;;VUM;;False;1563;0
3;2022-01-06 20:17:41;2021-03-15;P.1+S:P681H;;VUM;;True;1563;0
3;2022-01-06 20:17:41;2021-03-15;B.1.617.2+S:K417N;;VUM;;True;1563;0
3;2022-01-06 20:17:41;2021-03-15;C.1.2;;VUM;VUM;False;1563;0
3;2022-01-06 20:17:41;2021-03-15;B.1.617.2+S:E484del;;VUM;;True;1563;0
3;2022-01-06 20:17:41;2021-03-15;B.1.617.2+S:Q613H;;VUM;;True;1563;0
3;2022-01-06 20:17:41;2021-03-15;B.1.617.2+S:Q677H;;VUM;;True;1563;0
3;2022-01-06 20:17:41;2021-03-15;B.1.640;;VUM;VUM;False;1563;0
3;2022-01-06 20:17:41;2021-03-15;B.1.1.7;Alpha;DEV;VOI;False;1563;1399
3;2022-01-06 20:17:41;2021-03-15;B.1.525;;DEV;VUM;False;1563;2
3;2022-01-06 20:17:41;2021-03-15;B.1.617.1;;DEV;VUM;False;1563;0
3;2022-01-06 20:17:41;2021-03-15;B.1.526;;DEV;VUM;False;1563;0
3;2022-01-06 20:17:41;2021-03-15;B.1.1.519;;DEV;VUM;False;1563;0
3;2022-01-06 20:17:41;2021-03-15;B.1.630;;;VUM;False;1563;0
3;2022-01-06 20:17:41;2021-03-15;AZ.5;;;VUM;True;1563;0
3;2022-01-06 20:17:41;2021-03-22;B.1.351;Beta;VOC;VOC;False;1601;39
3;2022-01-06 20:17:41;2021-03-22;P.1;Gamma;VOC;VOC;False;1601;23
3;2022-01-06 20:17:41;2021-03-22;B.1.617.2;Delta;VOC;VOC;False;1601;0
3;2022-01-06 20:17:41;2021-03-22;B.1.1.529;Omicron;VOC;VOC;False;1601;0
3;2022-01-06 20:17:41;2021-03-22;B.1.621;Mu;VOI;VOI;False;1601;0
3;2022-01-06 20:17:41;2021-03-22;C.37;Lambda;VOI;VOI;False;1601;0
3;2022-01-06 20:17:41;2021-03-22;AY.4.2;;VOI;;True;1601;0
3;2022-01-06 20:17:41;2021-03-22;C.36+S:L452R;;VUM;;False;1601;2
3;2022-01-06 20:17:41;2021-03-22;B.1.1.318;;VUM;;False;1601;0
3;2022-01-06 20:17:41;2021-03-22;P.1+S:P681H;;VUM;;True;1601;0
3;2022-01-06 20:17:41;2021-03-22;B.1.617.2+S:K417N;;VUM;;True;1601;0
3;2022-01-06 20:17:41;2021-03-22;C.1.2;;VUM;VUM;False;1601;0
3;2022-01-06 20:17:41;2021-03-22;B.1.617.2+S:E484del;;VUM;;True;1601;0
3;2022-01-06 20:17:41;2021-03-22;B.1.617.2+S:Q613H;;VUM;;True;1601;0
3;2022-01-06 20:17:41;2021-03-22;B.1.617.2+S:Q677H;;VUM;;True;1601;0
3;2022-01-06 20:17:41;2021-03-22;B.1.640;;VUM;VUM;False;1601;0
3;2022-01-06 20:17:41;2021-03-22;B.1.1.7;Alpha;DEV;VOI;False;1601;1495
3;2022-01-06 20:17:41;2021-03-22;B.1.525;;DEV;VUM;False;1601;0
3;2022-01-06 20:17:41;2021-03-22;B.1.617.1;;DEV;VUM;False;1601;0
3;2022-01-06 20:17:41;2021-03-22;B.1.526;;DEV;VUM;False;1601;0
3;2022-01-06 20:17:41;2021-03-22;B.1.1.519;;DEV;VUM;False;1601;0
3;2022-01-06 20:17:41;2021-03-22;B.1.630;;;VUM;False;1601;0
3;2022-01-06 20:17:41;2021-03-22;AZ.5;;;VUM;True;1601;0
3;2022-01-06 20:17:41;2021-03-29;B.1.351;Beta;VOC;VOC;False;1711;40
3;2022-01-06 20:17:41;2021-03-29;P.1;Gamma;VOC;VOC;False;1711;15
3;2022-01-06 20:17:41;2021-03-29;B.1.617.2;Delta;VOC;VOC;False;1711;0
3;2022-01-06 20:17:41;2021-03-29;B.1.1.529;Omicron;VOC;VOC;False;1711;0
3;2022-01-06 20:17:41;2021-03-29;B.1.621;Mu;VOI;VOI;False;1711;0
3;2022-01-06 20:17:41;2021-03-29;C.37;Lambda;VOI;VOI;False;1711;0
3;2022-01-06 20:17:41;2021-03-29;AY.4.2;;VOI;;True;1711;0
3;2022-01-06 20:17:41;2021-03-29;C.36+S:L452R;;VUM;;False;1711;0
3;2022-01-06 20:17:41;2021-03-29;B.1.1.318;;VUM;;False;1711;0
3;2022-01-06 20:17:41;2021-03-29;P.1+S:P681H;;VUM;;True;1711;0
3;2022-01-06 20:17:41;2021-03-29;B.1.617.2+S:K417N;;VUM;;True;1711;0
3;2022-01-06 20:17:41;2021-03-29;C.1.2;;VUM;VUM;False;1711;0
3;2022-01-06 20:17:41;2021-03-29;B.1.617.2+S:E484del;;VUM;;True;1711;0
3;2022-01-06 20:17:41;2021-03-29;B.1.617.2+S:Q613H;;VUM;;True;1711;0
3;2022-01-06 20:17:41;2021-03-29;B.1.617.2+S:Q677H;;VUM;;True;1711;0
3;2022-01-06 20:17:41;2021-03-29;B.1.640;;VUM;VUM;False;1711;0
3;2022-01-06 20:17:41;2021-03-29;B.1.1.7;Alpha;DEV;VOI;False;1711;1620
3;2022-01-06 20:17:41;2021-03-29;B.1.525;;DEV;VUM;False;1711;1
3;2022-01-06 20:17:41;2021-03-29;B.1.617.1;;DEV;VUM;False;1711;0
3;2022-01-06 20:17:41;2021-03-29;B.1.526;;DEV;VUM;False;1711;0
3;2022-01-06 20:17:41;2021-03-29;B.1.1.519;;DEV;VUM;False;1711;0
3;2022-01-06 20:17:41;2021-03-29;B.1.630;;;VUM;False;1711;0
3;2022-01-06 20:17:41;2021-03-29;AZ.5;;;VUM;True;1711;0
3;2022-01-06 20:17:41;2021-04-05;B.1.351;Beta;VOC;VOC;False;1532;28
3;2022-01-06 20:17:41;2021-04-05;P.1;Gamma;VOC;VOC;False;1532;23
3;2022-01-06 20:17:41;2021-04-05;B.1.617.2;Delta;VOC;VOC;False;1532;0
3;2022-01-06 20:17:41;2021-04-05;B.1.1.529;Omicron;VOC;VOC;False;1532;0
3;2022-01-06 20:17:41;2021-04-05;B.1.621;Mu;VOI;VOI;False;1532;1
3;2022-01-06 20:17:41;2021-04-05;C.37;Lambda;VOI;VOI;False;1532;0
3;2022-01-06 20:17:41;2021-04-05;AY.4.2;;VOI;;True;1532;0
3;2022-01-06 20:17:41;2021-04-05;C.36+S:L452R;;VUM;;False;1532;0
3;2022-01-06 20:17:41;2021-04-05;B.1.1.318;;VUM;;False;1532;1
3;2022-01-06 20:17:41;2021-04-05;P.1+S:P681H;;VUM;;True;1532;0
3;2022-01-06 20:17:41;2021-04-05;B.1.617.2+S:K417N;;VUM;;True;1532;0
3;2022-01-06 20:17:41;2021-04-05;C.1.2;;VUM;VUM;False;1532;0
3;2022-01-06 20:17:41;2021-04-05;B.1.617.2+S:E484del;;VUM;;True;1532;0
3;2022-01-06 20:17:41;2021-04-05;B.1.617.2+S:Q613H;;VUM;;True;1532;0
3;2022-01-06 20:17:41;2021-04-05;B.1.617.2+S:Q677H;;VUM;;True;1532;0
3;2022-01-06 20:17:41;2021-04-05;B.1.640;;VUM;VUM;False;1532;0
3;2022-01-06 20:17:41;2021-04-05;B.1.1.7;Alpha;DEV;VOI;False;1532;1461
3;2022-01-06 20:17:41;2021-04-05;B.1.525;;DEV;VUM;False;1532;2
3;2022-01-06 20:17:41;2021-04-05;B.1.617.1;;DEV;VUM;False;1532;2
3;2022-01-06 20:17:41;2021-04-05;B.1.526;;DEV;VUM;False;1532;0
3;2022-01-06 20:17:41;2021-04-05;B.1.1.519;;DEV;VUM;False;1532;0
3;2022-01-06 20:17:41;2021-04-05;B.1.630;;;VUM;False;1532;0
3;2022-01-06 20:17:41;2021-04-05;AZ.5;;;VUM;True;1532;0
3;2022-01-06 20:17:41;2021-04-12;B.1.351;Beta;VOC;VOC;False;1677;20
3;2022-01-06 20:17:41;2021-04-12;P.1;Gamma;VOC;VOC;False;1677;21
3;2022-01-06 20:17:41;2021-04-12;B.1.617.2;Delta;VOC;VOC;False;1677;1
3;2022-01-06 20:17:41;2021-04-12;B.1.1.529;Omicron;VOC;VOC;False;1677;0
3;2022-01-06 20:17:41;2021-04-12;B.1.621;Mu;VOI;VOI;False;1677;1
3;2022-01-06 20:17:41;2021-04-12;C.37;Lambda;VOI;VOI;False;1677;0
3;2022-01-06 20:17:41;2021-04-12;AY.4.2;;VOI;;True;1677;0
3;2022-01-06 20:17:41;2021-04-12;C.36+S:L452R;;VUM;;False;1677;2
3;2022-01-06 20:17:41;2021-04-12;B.1.1.318;;VUM;;False;1677;0
3;2022-01-06 20:17:41;2021-04-12;P.1+S:P681H;;VUM;;True;1677;0
3;2022-01-06 20:17:41;2021-04-12;B.1.617.2+S:K417N;;VUM;;True;1677;0
3;2022-01-06 20:17:41;2021-04-12;C.1.2;;VUM;VUM;False;1677;0
3;2022-01-06 20:17:41;2021-04-12;B.1.617.2+S:E484del;;VUM;;True;1677;0
3;2022-01-06 20:17:41;2021-04-12;B.1.617.2+S:Q613H;;VUM;;True;1677;0
3;2022-01-06 20:17:41;2021-04-12;B.1.617.2+S:Q677H;;VUM;;True;1677;0
3;2022-01-06 20:17:41;2021-04-12;B.1.640;;VUM;VUM;False;1677;0
3;2022-01-06 20:17:41;2021-04-12;B.1.1.7;Alpha;DEV;VOI;False;1677;1621
3;2022-01-06 20:17:41;2021-04-12;B.1.525;;DEV;VUM;False;1677;1
3;2022-01-06 20:17:41;2021-04-12;B.1.617.1;;DEV;VUM;False;1677;1
3;2022-01-06 20:17:41;2021-04-12;B.1.526;;DEV;VUM;False;1677;0
3;2022-01-06 20:17:41;2021-04-12;B.1.1.519;;DEV;VUM;False;1677;0
3;2022-01-06 20:17:41;2021-04-12;B.1.630;;;VUM;False;1677;0
3;2022-01-06 20:17:41;2021-04-12;AZ.5;;;VUM;True;1677;0
3;2022-01-06 20:17:41;2021-04-19;B.1.351;Beta;VOC;VOC;False;1593;18
3;2022-01-06 20:17:41;2021-04-19;P.1;Gamma;VOC;VOC;False;1593;28
3;2022-01-06 20:17:41;2021-04-19;B.1.617.2;Delta;VOC;VOC;False;1593;2
3;2022-01-06 20:17:41;2021-04-19;B.1.1.529;Omicron;VOC;VOC;False;1593;0
3;2022-01-06 20:17:41;2021-04-19;B.1.621;Mu;VOI;VOI;False;1593;2
3;2022-01-06 20:17:41;2021-04-19;C.37;Lambda;VOI;VOI;False;1593;0
3;2022-01-06 20:17:41;2021-04-19;AY.4.2;;VOI;;True;1593;0
3;2022-01-06 20:17:41;2021-04-19;C.36+S:L452R;;VUM;;False;1593;1
3;2022-01-06 20:17:41;2021-04-19;B.1.1.318;;VUM;;False;1593;0
3;2022-01-06 20:17:41;2021-04-19;P.1+S:P681H;;VUM;;True;1593;0
3;2022-01-06 20:17:41;2021-04-19;B.1.617.2+S:K417N;;VUM;;True;1593;0
3;2022-01-06 20:17:41;2021-04-19;C.1.2;;VUM;VUM;False;1593;0
3;2022-01-06 20:17:41;2021-04-19;B.1.617.2+S:E484del;;VUM;;True;1593;0
3;2022-01-06 20:17:41;2021-04-19;B.1.617.2+S:Q613H;;VUM;;True;1593;0
3;2022-01-06 20:17:41;2021-04-19;B.1.617.2+S:Q677H;;VUM;;True;1593;0
3;2022-01-06 20:17:41;2021-04-19;B.1.640;;VUM;VUM;False;1593;0
3;2022-01-06 20:17:41;2021-04-19;B.1.1.7;Alpha;DEV;VOI;False;1593;1532
3;2022-01-06 20:17:41;2021-04-19;B.1.525;;DEV;VUM;False;1593;4
3;2022-01-06 20:17:41;2021-04-19;B.1.617.1;;DEV;VUM;False;1593;0
3;2022-01-06 20:17:41;2021-04-19;B.1.526;;DEV;VUM;False;1593;2
3;2022-01-06 20:17:41;2021-04-19;B.1.1.519;;DEV;VUM;False;1593;0
3;2022-01-06 20:17:41;2021-04-19;B.1.630;;;VUM;False;1593;0
3;2022-01-06 20:17:41;2021-04-19;AZ.5;;;VUM;True;1593;0
3;2022-01-06 20:17:41;2021-04-26;B.1.351;Beta;VOC;VOC;False;1691;7
3;2022-01-06 20:17:41;2021-04-26;P.1;Gamma;VOC;VOC;False;1691;28
3;2022-01-06 20:17:41;2021-04-26;B.1.617.2;Delta;VOC;VOC;False;1691;4
3;2022-01-06 20:17:41;2021-04-26;B.1.1.529;Omicron;VOC;VOC;False;1691;0
3;2022-01-06 20:17:41;2021-04-26;B.1.621;Mu;VOI;VOI;False;1691;1
3;2022-01-06 20:17:41;2021-04-26;C.37;Lambda;VOI;VOI;False;1691;0
3;2022-01-06 20:17:41;2021-04-26;AY.4.2;;VOI;;True;1691;0
3;2022-01-06 20:17:41;2021-04-26;C.36+S:L452R;;VUM;;False;1691;0
3;2022-01-06 20:17:41;2021-04-26;B.1.1.318;;VUM;;False;1691;0
3;2022-01-06 20:17:41;2021-04-26;P.1+S:P681H;;VUM;;True;1691;0
3;2022-01-06 20:17:41;2021-04-26;B.1.617.2+S:K417N;;VUM;;True;1691;0
3;2022-01-06 20:17:41;2021-04-26;C.1.2;;VUM;VUM;False;1691;0
3;2022-01-06 20:17:41;2021-04-26;B.1.617.2+S:E484del;;VUM;;True;1691;0
3;2022-01-06 20:17:41;2021-04-26;B.1.617.2+S:Q613H;;VUM;;True;1691;0
3;2022-01-06 20:17:41;2021-04-26;B.1.617.2+S:Q677H;;VUM;;True;1691;0
3;2022-01-06 20:17:41;2021-04-26;B.1.640;;VUM;VUM;False;1691;0
3;2022-01-06 20:17:41;2021-04-26;B.1.1.7;Alpha;DEV;VOI;False;1691;1643
3;2022-01-06 20:17:41;2021-04-26;B.1.525;;DEV;VUM;False;1691;1
3;2022-01-06 20:17:41;2021-04-26;B.1.617.1;;DEV;VUM;False;1691;0
3;2022-01-06 20:17:41;2021-04-26;B.1.526;;DEV;VUM;False;1691;0
3;2022-01-06 20:17:41;2021-04-26;B.1.1.519;;DEV;VUM;False;1691;0
3;2022-01-06 20:17:41;2021-04-26;B.1.630;;;VUM;False;1691;0
3;2022-01-06 20:17:41;2021-04-26;AZ.5;;;VUM;True;1691;0
3;2022-01-06 20:17:41;2021-05-03;B.1.351;Beta;VOC;VOC;False;1687;12
3;2022-01-06 20:17:41;2021-05-03;P.1;Gamma;VOC;VOC;False;1687;36
3;2022-01-06 20:17:41;2021-05-03;B.1.617.2;Delta;VOC;VOC;False;1687;1
3;2022-01-06 20:17:41;2021-05-03;B.1.1.529;Omicron;VOC;VOC;False;1687;0
3;2022-01-06 20:17:41;2021-05-03;B.1.621;Mu;VOI;VOI;False;1687;3
3;2022-01-06 20:17:41;2021-05-03;C.37;Lambda;VOI;VOI;False;1687;0
3;2022-01-06 20:17:41;2021-05-03;AY.4.2;;VOI;;True;1687;0
3;2022-01-06 20:17:41;2021-05-03;C.36+S:L452R;;VUM;;False;1687;0
3;2022-01-06 20:17:41;2021-05-03;B.1.1.318;;VUM;;False;1687;0
3;2022-01-06 20:17:41;2021-05-03;P.1+S:P681H;;VUM;;True;1687;0
3;2022-01-06 20:17:41;2021-05-03;B.1.617.2+S:K417N;;VUM;;True;1687;0
3;2022-01-06 20:17:41;2021-05-03;C.1.2;;VUM;VUM;False;1687;0
3;2022-01-06 20:17:41;2021-05-03;B.1.617.2+S:E484del;;VUM;;True;1687;0
3;2022-01-06 20:17:41;2021-05-03;B.1.617.2+S:Q613H;;VUM;;True;1687;0
3;2022-01-06 20:17:41;2021-05-03;B.1.617.2+S:Q677H;;VUM;;True;1687;0
3;2022-01-06 20:17:41;2021-05-03;B.1.640;;VUM;VUM;False;1687;0
3;2022-01-06 20:17:41;2021-05-03;B.1.1.7;Alpha;DEV;VOI;False;1687;1633
3;2022-01-06 20:17:41;2021-05-03;B.1.525;;DEV;VUM;False;1687;0
3;2022-01-06 20:17:41;2021-05-03;B.1.617.1;;DEV;VUM;False;1687;0
3;2022-01-06 20:17:41;2021-05-03;B.1.526;;DEV;VUM;False;1687;0
3;2022-01-06 20:17:41;2021-05-03;B.1.1.519;;DEV;VUM;False;1687;0
3;2022-01-06 20:17:41;2021-05-03;B.1.630;;;VUM;False;1687;0
3;2022-01-06 20:17:41;2021-05-03;AZ.5;;;VUM;True;1687;0
3;2022-01-06 20:17:41;2021-05-10;B.1.351;Beta;VOC;VOC;False;1650;8
3;2022-01-06 20:17:41;2021-05-10;P.1;Gamma;VOC;VOC;False;1650;32
3;2022-01-06 20:17:41;2021-05-10;B.1.617.2;Delta;VOC;VOC;False;1650;11
3;2022-01-06 20:17:41;2021-05-10;B.1.1.529;Omicron;VOC;VOC;False;1650;0
3;2022-01-06 20:17:41;2021-05-10;B.1.621;Mu;VOI;VOI;False;1650;3
3;2022-01-06 20:17:41;2021-05-10;C.37;Lambda;VOI;VOI;False;1650;0
3;2022-01-06 20:17:41;2021-05-10;AY.4.2;;VOI;;True;1650;0
3;2022-01-06 20:17:41;2021-05-10;C.36+S:L452R;;VUM;;False;1650;3
3;2022-01-06 20:17:41;2021-05-10;B.1.1.318;;VUM;;False;1650;0
3;2022-01-06 20:17:41;2021-05-10;P.1+S:P681H;;VUM;;True;1650;0
3;2022-01-06 20:17:41;2021-05-10;B.1.617.2+S:K417N;;VUM;;True;1650;0
3;2022-01-06 20:17:41;2021-05-10;C.1.2;;VUM;VUM;False;1650;0
3;2022-01-06 20:17:41;2021-05-10;B.1.617.2+S:E484del;;VUM;;True;1650;0
3;2022-01-06 20:17:41;2021-05-10;B.1.617.2+S:Q613H;;VUM;;True;1650;0
3;2022-01-06 20:17:41;2021-05-10;B.1.617.2+S:Q677H;;VUM;;True;1650;0
3;2022-01-06 20:17:41;2021-05-10;B.1.640;;VUM;VUM;False;1650;0
3;2022-01-06 20:17:41;2021-05-10;B.1.1.7;Alpha;DEV;VOI;False;1650;1589
3;2022-01-06 20:17:41;2021-05-10;B.1.525;;DEV;VUM;False;1650;1
3;2022-01-06 20:17:41;2021-05-10;B.1.617.1;;DEV;VUM;False;1650;0
3;2022-01-06 20:17:41;2021-05-10;B.1.526;;DEV;VUM;False;1650;0
3;2022-01-06 20:17:41;2021-05-10;B.1.1.519;;DEV;VUM;False;1650;0
3;2022-01-06 20:17:41;2021-05-10;B.1.630;;;VUM;False;1650;0
3;2022-01-06 20:17:41;2021-05-10;AZ.5;;;VUM;True;1650;0
3;2022-01-06 20:17:41;2021-05-17;B.1.351;Beta;VOC;VOC;False;1370;3
3;2022-01-06 20:17:41;2021-05-17;P.1;Gamma;VOC;VOC;False;1370;32
3;2022-01-06 20:17:41;2021-05-17;B.1.617.2;Delta;VOC;VOC;False;1370;10
3;2022-01-06 20:17:41;2021-05-17;B.1.1.529;Omicron;VOC;VOC;False;1370;0
3;2022-01-06 20:17:41;2021-05-17;B.1.621;Mu;VOI;VOI;False;1370;5
3;2022-01-06 20:17:41;2021-05-17;C.37;Lambda;VOI;VOI;False;1370;0
3;2022-01-06 20:17:41;2021-05-17;AY.4.2;;VOI;;True;1370;0
3;2022-01-06 20:17:41;2021-05-17;C.36+S:L452R;;VUM;;False;1370;3
3;2022-01-06 20:17:41;2021-05-17;B.1.1.318;;VUM;;False;1370;0
3;2022-01-06 20:17:41;2021-05-17;P.1+S:P681H;;VUM;;True;1370;2
3;2022-01-06 20:17:41;2021-05-17;B.1.617.2+S:K417N;;VUM;;True;1370;0
3;2022-01-06 20:17:41;2021-05-17;C.1.2;;VUM;VUM;False;1370;0
3;2022-01-06 20:17:41;2021-05-17;B.1.617.2+S:E484del;;VUM;;True;1370;0
3;2022-01-06 20:17:41;2021-05-17;B.1.617.2+S:Q613H;;VUM;;True;1370;0
3;2022-01-06 20:17:41;2021-05-17;B.1.617.2+S:Q677H;;VUM;;True;1370;0
3;2022-01-06 20:17:41;2021-05-17;B.1.640;;VUM;VUM;False;1370;0
3;2022-01-06 20:17:41;2021-05-17;B.1.1.7;Alpha;DEV;VOI;False;1370;1316
3;2022-01-06 20:17:41;2021-05-17;B.1.525;;DEV;VUM;False;1370;0
3;2022-01-06 20:17:41;2021-05-17;B.1.617.1;;DEV;VUM;False;1370;0
3;2022-01-06 20:17:41;2021-05-17;B.1.526;;DEV;VUM;False;1370;0
3;2022-01-06 20:17:41;2021-05-17;B.1.1.519;;DEV;VUM;False;1370;0
3;2022-01-06 20:17:41;2021-05-17;B.1.630;;;VUM;False;1370;0
3;2022-01-06 20:17:41;2021-05-17;AZ.5;;;VUM;True;1370;0
3;2022-01-06 20:17:41;2021-05-24;B.1.351;Beta;VOC;VOC;False;1323;3
3;2022-01-06 20:17:41;2021-05-24;P.1;Gamma;VOC;VOC;False;1323;16
3;2022-01-06 20:17:41;2021-05-24;B.1.617.2;Delta;VOC;VOC;False;1323;23
3;2022-01-06 20:17:41;2021-05-24;B.1.1.529;Omicron;VOC;VOC;False;1323;0
3;2022-01-06 20:17:41;2021-05-24;B.1.621;Mu;VOI;VOI;False;1323;0
3;2022-01-06 20:17:41;2021-05-24;C.37;Lambda;VOI;VOI;False;1323;1
3;2022-01-06 20:17:41;2021-05-24;AY.4.2;;VOI;;True;1323;0
3;2022-01-06 20:17:41;2021-05-24;C.36+S:L452R;;VUM;;False;1323;2
3;2022-01-06 20:17:41;2021-05-24;B.1.1.318;;VUM;;False;1323;1
3;2022-01-06 20:17:41;2021-05-24;P.1+S:P681H;;VUM;;True;1323;0
3;2022-01-06 20:17:41;2021-05-24;B.1.617.2+S:K417N;;VUM;;True;1323;0
3;2022-01-06 20:17:41;2021-05-24;C.1.2;;VUM;VUM;False;1323;0
3;2022-01-06 20:17:41;2021-05-24;B.1.617.2+S:E484del;;VUM;;True;1323;0
3;2022-01-06 20:17:41;2021-05-24;B.1.617.2+S:Q613H;;VUM;;True;1323;0
3;2022-01-06 20:17:41;2021-05-24;B.1.617.2+S:Q677H;;VUM;;True;1323;0
3;2022-01-06 20:17:41;2021-05-24;B.1.640;;VUM;VUM;False;1323;0
3;2022-01-06 20:17:41;2021-05-24;B.1.1.7;Alpha;DEV;VOI;False;1323;1270
3;2022-01-06 20:17:41;2021-05-24;B.1.525;;DEV;VUM;False;1323;0
3;2022-01-06 20:17:41;2021-05-24;B.1.617.1;;DEV;VUM;False;1323;0
3;2022-01-06 20:17:41;2021-05-24;B.1.526;;DEV;VUM;False;1323;0
3;2022-01-06 20:17:41;2021-05-24;B.1.1.519;;DEV;VUM;False;1323;0
3;2022-01-06 20:17:41;2021-05-24;B.1.630;;;VUM;False;1323;0
3;2022-01-06 20:17:41;2021-05-24;AZ.5;;;VUM;True;1323;0
3;2022-01-06 20:17:41;2021-05-31;B.1.351;Beta;VOC;VOC;False;1272;0
3;2022-01-06 20:17:41;2021-05-31;P.1;Gamma;VOC;VOC;False;1272;23
3;2022-01-06 20:17:41;2021-05-31;B.1.617.2;Delta;VOC;VOC;False;1272;48
3;2022-01-06 20:17:41;2021-05-31;B.1.1.529;Omicron;VOC;VOC;False;1272;0
3;2022-01-06 20:17:41;2021-05-31;B.1.621;Mu;VOI;VOI;False;1272;4
3;2022-01-06 20:17:41;2021-05-31;C.37;Lambda;VOI;VOI;False;1272;0
3;2022-01-06 20:17:41;2021-05-31;AY.4.2;;VOI;;True;1272;0
3;2022-01-06 20:17:41;2021-05-31;C.36+S:L452R;;VUM;;False;1272;10
3;2022-01-06 20:17:41;2021-05-31;B.1.1.318;;VUM;;False;1272;2
3;2022-01-06 20:17:41;2021-05-31;P.1+S:P681H;;VUM;;True;1272;1
3;2022-01-06 20:17:41;2021-05-31;B.1.617.2+S:K417N;;VUM;;True;1272;0
3;2022-01-06 20:17:41;2021-05-31;C.1.2;;VUM;VUM;False;1272;0
3;2022-01-06 20:17:41;2021-05-31;B.1.617.2+S:E484del;;VUM;;True;1272;0
3;2022-01-06 20:17:41;2021-05-31;B.1.617.2+S:Q613H;;VUM;;True;1272;0
3;2022-01-06 20:17:41;2021-05-31;B.1.617.2+S:Q677H;;VUM;;True;1272;0
3;2022-01-06 20:17:41;2021-05-31;B.1.640;;VUM;VUM;False;1272;0
3;2022-01-06 20:17:41;2021-05-31;B.1.1.7;Alpha;DEV;VOI;False;1272;1181
3;2022-01-06 20:17:41;2021-05-31;B.1.525;;DEV;VUM;False;1272;1
3;2022-01-06 20:17:41;2021-05-31;B.1.617.1;;DEV;VUM;False;1272;0
3;2022-01-06 20:17:41;2021-05-31;B.1.526;;DEV;VUM;False;1272;0
3;2022-01-06 20:17:41;2021-05-31;B.1.1.519;;DEV;VUM;False;1272;0
3;2022-01-06 20:17:41;2021-05-31;B.1.630;;;VUM;False;1272;0
3;2022-01-06 20:17:41;2021-05-31;AZ.5;;;VUM;True;1272;0
3;2022-01-06 20:17:41;2021-06-07;B.1.351;Beta;VOC;VOC;False;1175;1
3;2022-01-06 20:17:41;2021-06-07;P.1;Gamma;VOC;VOC;False;1175;12
3;2022-01-06 20:17:41;2021-06-07;B.1.617.2;Delta;VOC;VOC;False;1175;101
3;2022-01-06 20:17:41;2021-06-07;B.1.1.529;Omicron;VOC;VOC;False;1175;0
3;2022-01-06 20:17:41;2021-06-07;B.1.621;Mu;VOI;VOI;False;1175;5
3;2022-01-06 20:17:41;2021-06-07;C.37;Lambda;VOI;VOI;False;1175;0
3;2022-01-06 20:17:41;2021-06-07;AY.4.2;;VOI;;True;1175;0
3;2022-01-06 20:17:41;2021-06-07;C.36+S:L452R;;VUM;;False;1175;9
3;2022-01-06 20:17:41;2021-06-07;B.1.1.318;;VUM;;False;1175;0
3;2022-01-06 20:17:41;2021-06-07;P.1+S:P681H;;VUM;;True;1175;0
3;2022-01-06 20:17:41;2021-06-07;B.1.617.2+S:K417N;;VUM;;True;1175;0
3;2022-01-06 20:17:41;2021-06-07;C.1.2;;VUM;VUM;False;1175;0
3;2022-01-06 20:17:41;2021-06-07;B.1.617.2+S:E484del;;VUM;;True;1175;0
3;2022-01-06 20:17:41;2021-06-07;B.1.617.2+S:Q613H;;VUM;;True;1175;0
3;2022-01-06 20:17:41;2021-06-07;B.1.617.2+S:Q677H;;VUM;;True;1175;0
3;2022-01-06 20:17:41;2021-06-07;B.1.640;;VUM;VUM;False;1175;0
3;2022-01-06 20:17:41;2021-06-07;B.1.1.7;Alpha;DEV;VOI;False;1175;1037
3;2022-01-06 20:17:41;2021-06-07;B.1.525;;DEV;VUM;False;1175;2
3;2022-01-06 20:17:41;2021-06-07;B.1.617.1;;DEV;VUM;False;1175;4
3;2022-01-06 20:17:41;2021-06-07;B.1.526;;DEV;VUM;False;1175;0
3;2022-01-06 20:17:41;2021-06-07;B.1.1.519;;DEV;VUM;False;1175;0
3;2022-01-06 20:17:41;2021-06-07;B.1.630;;;VUM;False;1175;0
3;2022-01-06 20:17:41;2021-06-07;AZ.5;;;VUM;True;1175;0
3;2022-01-06 20:17:41;2021-06-14;B.1.351;Beta;VOC;VOC;False;1039;1
3;2022-01-06 20:17:41;2021-06-14;P.1;Gamma;VOC;VOC;False;1039;16
3;2022-01-06 20:17:41;2021-06-14;B.1.617.2;Delta;VOC;VOC;False;1039;239
3;2022-01-06 20:17:41;2021-06-14;B.1.1.529;Omicron;VOC;VOC;False;1039;0
3;2022-01-06 20:17:41;2021-06-14;B.1.621;Mu;VOI;VOI;False;1039;9
3;2022-01-06 20:17:41;2021-06-14;C.37;Lambda;VOI;VOI;False;1039;0
3;2022-01-06 20:17:41;2021-06-14;AY.4.2;;VOI;;True;1039;0
3;2022-01-06 20:17:41;2021-06-14;C.36+S:L452R;;VUM;;False;1039;9
3;2022-01-06 20:17:41;2021-06-14;B.1.1.318;;VUM;;False;1039;2
3;2022-01-06 20:17:41;2021-06-14;P.1+S:P681H;;VUM;;True;1039;0
3;2022-01-06 20:17:41;2021-06-14;B.1.617.2+S:K417N;;VUM;;True;1039;1
3;2022-01-06 20:17:41;2021-06-14;C.1.2;;VUM;VUM;False;1039;0
3;2022-01-06 20:17:41;2021-06-14;B.1.617.2+S:E484del;;VUM;;True;1039;0
3;2022-01-06 20:17:41;2021-06-14;B.1.617.2+S:Q613H;;VUM;;True;1039;0
3;2022-01-06 20:17:41;2021-06-14;B.1.617.2+S:Q677H;;VUM;;True;1039;0
3;2022-01-06 20:17:41;2021-06-14;B.1.640;;VUM;VUM;False;1039;0
3;2022-01-06 20:17:41;2021-06-14;B.1.1.7;Alpha;DEV;VOI;False;1039;745
3;2022-01-06 20:17:41;2021-06-14;B.1.525;;DEV;VUM;False;1039;4
3;2022-01-06 20:17:41;2021-06-14;B.1.617.1;;DEV;VUM;False;1039;6
3;2022-01-06 20:17:41;2021-06-14;B.1.526;;DEV;VUM;False;1039;0
3;2022-01-06 20:17:41;2021-06-14;B.1.1.519;;DEV;VUM;False;1039;0
3;2022-01-06 20:17:41;2021-06-14;B.1.630;;;VUM;False;1039;0
3;2022-01-06 20:17:41;2021-06-14;AZ.5;;;VUM;True;1039;0
3;2022-01-06 20:17:41;2021-06-21;B.1.351;Beta;VOC;VOC;False;679;1
3;2022-01-06 20:17:41;2021-06-21;P.1;Gamma;VOC;VOC;False;679;7
3;2022-01-06 20:17:41;2021-06-21;B.1.617.2;Delta;VOC;VOC;False;679;277
3;2022-01-06 20:17:41;2021-06-21;B.1.1.529;Omicron;VOC;VOC;False;679;0
3;2022-01-06 20:17:41;2021-06-21;B.1.621;Mu;VOI;VOI;False;679;3
3;2022-01-06 20:17:41;2021-06-21;C.37;Lambda;VOI;VOI;False;679;1
3;2022-01-06 20:17:41;2021-06-21;AY.4.2;;VOI;;True;679;0
3;2022-01-06 20:17:41;2021-06-21;C.36+S:L452R;;VUM;;False;679;1
3;2022-01-06 20:17:41;2021-06-21;B.1.1.318;;VUM;;False;679;2
3;2022-01-06 20:17:41;2021-06-21;P.1+S:P681H;;VUM;;True;679;0
3;2022-01-06 20:17:41;2021-06-21;B.1.617.2+S:K417N;;VUM;;True;679;0
3;2022-01-06 20:17:41;2021-06-21;C.1.2;;VUM;VUM;False;679;0
3;2022-01-06 20:17:41;2021-06-21;B.1.617.2+S:E484del;;VUM;;True;679;0
3;2022-01-06 20:17:41;2021-06-21;B.1.617.2+S:Q613H;;VUM;;True;679;0
3;2022-01-06 20:17:41;2021-06-21;B.1.617.2+S:Q677H;;VUM;;True;679;0
3;2022-01-06 20:17:41;2021-06-21;B.1.640;;VUM;VUM;False;679;0
3;2022-01-06 20:17:41;2021-06-21;B.1.1.7;Alpha;DEV;VOI;False;679;382
3;2022-01-06 20:17:41;2021-06-21;B.1.525;;DEV;VUM;False;679;0
3;2022-01-06 20:17:41;2021-06-21;B.1.617.1;;DEV;VUM;False;679;1
3;2022-01-06 20:17:41;2021-06-21;B.1.526;;DEV;VUM;False;679;0
3;2022-01-06 20:17:41;2021-06-21;B.1.1.519;;DEV;VUM;False;679;0
3;2022-01-06 20:17:41;2021-06-21;B.1.630;;;VUM;False;679;0
3;2022-01-06 20:17:41;2021-06-21;AZ.5;;;VUM;True;679;0
3;2022-01-06 20:17:41;2021-06-28;B.1.351;Beta;VOC;VOC;False;929;1
3;2022-01-06 20:17:41;2021-06-28;P.1;Gamma;VOC;VOC;False;929;3
3;2022-01-06 20:17:41;2021-06-28;B.1.617.2;Delta;VOC;VOC;False;929;631
3;2022-01-06 20:17:41;2021-06-28;B.1.1.529;Omicron;VOC;VOC;False;929;0
3;2022-01-06 20:17:41;2021-06-28;B.1.621;Mu;VOI;VOI;False;929;5
3;2022-01-06 20:17:41;2021-06-28;C.37;Lambda;VOI;VOI;False;929;1
3;2022-01-06 20:17:41;2021-06-28;AY.4.2;;VOI;;True;929;0
3;2022-01-06 20:17:41;2021-06-28;C.36+S:L452R;;VUM;;False;929;2
3;2022-01-06 20:17:41;2021-06-28;B.1.1.318;;VUM;;False;929;0
3;2022-01-06 20:17:41;2021-06-28;P.1+S:P681H;;VUM;;True;929;0
3;2022-01-06 20:17:41;2021-06-28;B.1.617.2+S:K417N;;VUM;;True;929;0
3;2022-01-06 20:17:41;2021-06-28;C.1.2;;VUM;VUM;False;929;0
3;2022-01-06 20:17:41;2021-06-28;B.1.617.2+S:E484del;;VUM;;True;929;0
3;2022-01-06 20:17:41;2021-06-28;B.1.617.2+S:Q613H;;VUM;;True;929;0
3;2022-01-06 20:17:41;2021-06-28;B.1.617.2+S:Q677H;;VUM;;True;929;1
3;2022-01-06 20:17:41;2021-06-28;B.1.640;;VUM;VUM;False;929;0
3;2022-01-06 20:17:41;2021-06-28;B.1.1.7;Alpha;DEV;VOI;False;929;271
3;2022-01-06 20:17:41;2021-06-28;B.1.525;;DEV;VUM;False;929;1
3;2022-01-06 20:17:41;2021-06-28;B.1.617.1;;DEV;VUM;False;929;1
3;2022-01-06 20:17:41;2021-06-28;B.1.526;;DEV;VUM;False;929;0
3;2022-01-06 20:17:41;2021-06-28;B.1.1.519;;DEV;VUM;False;929;0
3;2022-01-06 20:17:41;2021-06-28;B.1.630;;;VUM;False;929;0
3;2022-01-06 20:17:41;2021-06-28;AZ.5;;;VUM;True;929;0
3;2022-01-06 20:17:41;2021-07-05;B.1.351;Beta;VOC;VOC;False;2449;0
3;2022-01-06 20:17:41;2021-07-05;P.1;Gamma;VOC;VOC;False;2449;3
3;2022-01-06 20:17:41;2021-07-05;B.1.617.2;Delta;VOC;VOC;False;2449;2093
3;2022-01-06 20:17:41;2021-07-05;B.1.1.529;Omicron;VOC;VOC;False;2449;0
3;2022-01-06 20:17:41;2021-07-05;B.1.621;Mu;VOI;VOI;False;2449;0
3;2022-01-06 20:17:41;2021-07-05;C.37;Lambda;VOI;VOI;False;2449;8
3;2022-01-06 20:17:41;2021-07-05;AY.4.2;;VOI;;True;2449;0
3;2022-01-06 20:17:41;2021-07-05;C.36+S:L452R;;VUM;;False;2449;1
3;2022-01-06 20:17:41;2021-07-05;B.1.1.318;;VUM;;False;2449;3
3;2022-01-06 20:17:41;2021-07-05;P.1+S:P681H;;VUM;;True;2449;0
3;2022-01-06 20:17:41;2021-07-05;B.1.617.2+S:K417N;;VUM;;True;2449;0
3;2022-01-06 20:17:41;2021-07-05;C.1.2;;VUM;VUM;False;2449;0
3;2022-01-06 20:17:41;2021-07-05;B.1.617.2+S:E484del;;VUM;;True;2449;0
3;2022-01-06 20:17:41;2021-07-05;B.1.617.2+S:Q613H;;VUM;;True;2449;1
3;2022-01-06 20:17:41;2021-07-05;B.1.617.2+S:Q677H;;VUM;;True;2449;2
3;2022-01-06 20:17:41;2021-07-05;B.1.640;;VUM;VUM;False;2449;0
3;2022-01-06 20:17:41;2021-07-05;B.1.1.7;Alpha;DEV;VOI;False;2449;336
3;2022-01-06 20:17:41;2021-07-05;B.1.525;;DEV;VUM;False;2449;0
3;2022-01-06 20:17:41;2021-07-05;B.1.617.1;;DEV;VUM;False;2449;0
3;2022-01-06 20:17:41;2021-07-05;B.1.526;;DEV;VUM;False;2449;0
3;2022-01-06 20:17:41;2021-07-05;B.1.1.519;;DEV;VUM;False;2449;0
3;2022-01-06 20:17:41;2021-07-05;B.1.630;;;VUM;False;2449;0
3;2022-01-06 20:17:41;2021-07-05;AZ.5;;;VUM;True;2449;0
3;2022-01-06 20:17:41;2021-07-12;B.1.351;Beta;VOC;VOC;False;2236;0
3;2022-01-06 20:17:41;2021-07-12;P.1;Gamma;VOC;VOC;False;2236;2
3;2022-01-06 20:17:41;2021-07-12;B.1.617.2;Delta;VOC;VOC;False;2236;2038
3;2022-01-06 20:17:41;2021-07-12;B.1.1.529;Omicron;VOC;VOC;False;2236;0
3;2022-01-06 20:17:41;2021-07-12;B.1.621;Mu;VOI;VOI;False;2236;0
3;2022-01-06 20:17:41;2021-07-12;C.37;Lambda;VOI;VOI;False;2236;0
3;2022-01-06 20:17:41;2021-07-12;AY.4.2;;VOI;;True;2236;0
3;2022-01-06 20:17:41;2021-07-12;C.36+S:L452R;;VUM;;False;2236;1
3;2022-01-06 20:17:41;2021-07-12;B.1.1.318;;VUM;;False;2236;1
3;2022-01-06 20:17:41;2021-07-12;P.1+S:P681H;;VUM;;True;2236;0
3;2022-01-06 20:17:41;2021-07-12;B.1.617.2+S:K417N;;VUM;;True;2236;0
3;2022-01-06 20:17:41;2021-07-12;C.1.2;;VUM;VUM;False;2236;0
3;2022-01-06 20:17:41;2021-07-12;B.1.617.2+S:E484del;;VUM;;True;2236;0
3;2022-01-06 20:17:41;2021-07-12;B.1.617.2+S:Q613H;;VUM;;True;2236;0
3;2022-01-06 20:17:41;2021-07-12;B.1.617.2+S:Q677H;;VUM;;True;2236;4
3;2022-01-06 20:17:41;2021-07-12;B.1.640;;VUM;VUM;False;2236;0
3;2022-01-06 20:17:41;2021-07-12;B.1.1.7;Alpha;DEV;VOI;False;2236;172
3;2022-01-06 20:17:41;2021-07-12;B.1.525;;DEV;VUM;False;2236;0
3;2022-01-06 20:17:41;2021-07-12;B.1.617.1;;DEV;VUM;False;2236;0
3;2022-01-06 20:17:41;2021-07-12;B.1.526;;DEV;VUM;False;2236;0
3;2022-01-06 20:17:41;2021-07-12;B.1.1.519;;DEV;VUM;False;2236;0
3;2022-01-06 20:17:41;2021-07-12;B.1.630;;;VUM;False;2236;0
3;2022-01-06 20:17:41;2021-07-12;AZ.5;;;VUM;True;2236;0
3;2022-01-06 20:17:41;2021-07-19;B.1.351;Beta;VOC;VOC;False;2122;0
3;2022-01-06 20:17:41;2021-07-19;P.1;Gamma;VOC;VOC;False;2122;4
3;2022-01-06 20:17:41;2021-07-19;B.1.617.2;Delta;VOC;VOC;False;2122;2032
3;2022-01-06 20:17:41;2021-07-19;B.1.1.529;Omicron;VOC;VOC;False;2122;0
3;2022-01-06 20:17:41;2021-07-19;B.1.621;Mu;VOI;VOI;False;2122;0
3;2022-01-06 20:17:41;2021-07-19;C.37;Lambda;VOI;VOI;False;2122;0
3;2022-01-06 20:17:41;2021-07-19;AY.4.2;;VOI;;True;2122;0
3;2022-01-06 20:17:41;2021-07-19;C.36+S:L452R;;VUM;;False;2122;0
3;2022-01-06 20:17:41;2021-07-19;B.1.1.318;;VUM;;False;2122;0
3;2022-01-06 20:17:41;2021-07-19;P.1+S:P681H;;VUM;;True;2122;0
3;2022-01-06 20:17:41;2021-07-19;B.1.617.2+S:K417N;;VUM;;True;2122;0
3;2022-01-06 20:17:41;2021-07-19;C.1.2;;VUM;VUM;False;2122;0
3;2022-01-06 20:17:41;2021-07-19;B.1.617.2+S:E484del;;VUM;;True;2122;0
3;2022-01-06 20:17:41;2021-07-19;B.1.617.2+S:Q613H;;VUM;;True;2122;5
3;2022-01-06 20:17:41;2021-07-19;B.1.617.2+S:Q677H;;VUM;;True;2122;6
3;2022-01-06 20:17:41;2021-07-19;B.1.640;;VUM;VUM;False;2122;0
3;2022-01-06 20:17:41;2021-07-19;B.1.1.7;Alpha;DEV;VOI;False;2122;85
3;2022-01-06 20:17:41;2021-07-19;B.1.525;;DEV;VUM;False;2122;0
3;2022-01-06 20:17:41;2021-07-19;B.1.617.1;;DEV;VUM;False;2122;0
3;2022-01-06 20:17:41;2021-07-19;B.1.526;;DEV;VUM;False;2122;0
3;2022-01-06 20:17:41;2021-07-19;B.1.1.519;;DEV;VUM;False;2122;0
3;2022-01-06 20:17:41;2021-07-19;B.1.630;;;VUM;False;2122;0
3;2022-01-06 20:17:41;2021-07-19;AZ.5;;;VUM;True;2122;0
3;2022-01-06 20:17:41;2021-07-26;B.1.351;Beta;VOC;VOC;False;1745;0
3;2022-01-06 20:17:41;2021-07-26;P.1;Gamma;VOC;VOC;False;1745;2
3;2022-01-06 20:17:41;2021-07-26;B.1.617.2;Delta;VOC;VOC;False;1745;1688
3;2022-01-06 20:17:41;2021-07-26;B.1.1.529;Omicron;VOC;VOC;False;1745;0
3;2022-01-06 20:17:41;2021-07-26;B.1.621;Mu;VOI;VOI;False;1745;3
3;2022-01-06 20:17:41;2021-07-26;C.37;Lambda;VOI;VOI;False;1745;0
3;2022-01-06 20:17:41;2021-07-26;AY.4.2;;VOI;;True;1745;0
3;2022-01-06 20:17:41;2021-07-26;C.36+S:L452R;;VUM;;False;1745;0
3;2022-01-06 20:17:41;2021-07-26;B.1.1.318;;VUM;;False;1745;0
3;2022-01-06 20:17:41;2021-07-26;P.1+S:P681H;;VUM;;True;1745;0
3;2022-01-06 20:17:41;2021-07-26;B.1.617.2+S:K417N;;VUM;;True;1745;0
3;2022-01-06 20:17:41;2021-07-26;C.1.2;;VUM;VUM;False;1745;0
3;2022-01-06 20:17:41;2021-07-26;B.1.617.2+S:E484del;;VUM;;True;1745;0
3;2022-01-06 20:17:41;2021-07-26;B.1.617.2+S:Q613H;;VUM;;True;1745;9
3;2022-01-06 20:17:41;2021-07-26;B.1.617.2+S:Q677H;;VUM;;True;1745;2
3;2022-01-06 20:17:41;2021-07-26;B.1.640;;VUM;VUM;False;1745;0
3;2022-01-06 20:17:41;2021-07-26;B.1.1.7;Alpha;DEV;VOI;False;1745;52
3;2022-01-06 20:17:41;2021-07-26;B.1.525;;DEV;VUM;False;1745;0
3;2022-01-06 20:17:41;2021-07-26;B.1.617.1;;DEV;VUM;False;1745;0
3;2022-01-06 20:17:41;2021-07-26;B.1.526;;DEV;VUM;False;1745;0
3;2022-01-06 20:17:41;2021-07-26;B.1.1.519;;DEV;VUM;False;1745;0
3;2022-01-06 20:17:41;2021-07-26;B.1.630;;;VUM;False;1745;0
3;2022-01-06 20:17:41;2021-07-26;AZ.5;;;VUM;True;1745;0
3;2022-01-06 20:17:41;2021-08-02;B.1.351;Beta;VOC;VOC;False;1499;0
3;2022-01-06 20:17:41;2021-08-02;P.1;Gamma;VOC;VOC;False;1499;1
3;2022-01-06 20:17:41;2021-08-02;B.1.617.2;Delta;VOC;VOC;False;1499;1478
3;2022-01-06 20:17:41;2021-08-02;B.1.1.529;Omicron;VOC;VOC;False;1499;0
3;2022-01-06 20:17:41;2021-08-02;B.1.621;Mu;VOI;VOI;False;1499;0
3;2022-01-06 20:17:41;2021-08-02;C.37;Lambda;VOI;VOI;False;1499;0
3;2022-01-06 20:17:41;2021-08-02;AY.4.2;;VOI;;True;1499;0
3;2022-01-06 20:17:41;2021-08-02;C.36+S:L452R;;VUM;;False;1499;1
3;2022-01-06 20:17:41;2021-08-02;B.1.1.318;;VUM;;False;1499;0
3;2022-01-06 20:17:41;2021-08-02;P.1+S:P681H;;VUM;;True;1499;0
3;2022-01-06 20:17:41;2021-08-02;B.1.617.2+S:K417N;;VUM;;True;1499;0
3;2022-01-06 20:17:41;2021-08-02;C.1.2;;VUM;VUM;False;1499;0
3;2022-01-06 20:17:41;2021-08-02;B.1.617.2+S:E484del;;VUM;;True;1499;0
3;2022-01-06 20:17:41;2021-08-02;B.1.617.2+S:Q613H;;VUM;;True;1499;18
3;2022-01-06 20:17:41;2021-08-02;B.1.617.2+S:Q677H;;VUM;;True;1499;8
3;2022-01-06 20:17:41;2021-08-02;B.1.640;;VUM;VUM;False;1499;0
3;2022-01-06 20:17:41;2021-08-02;B.1.1.7;Alpha;DEV;VOI;False;1499;19
3;2022-01-06 20:17:41;2021-08-02;B.1.525;;DEV;VUM;False;1499;0
3;2022-01-06 20:17:41;2021-08-02;B.1.617.1;;DEV;VUM;False;1499;0
3;2022-01-06 20:17:41;2021-08-02;B.1.526;;DEV;VUM;False;1499;0
3;2022-01-06 20:17:41;2021-08-02;B.1.1.519;;DEV;VUM;False;1499;0
3;2022-01-06 20:17:41;2021-08-02;B.1.630;;;VUM;False;1499;0
3;2022-01-06 20:17:41;2021-08-02;AZ.5;;;VUM;True;1499;0
3;2022-01-06 20:17:41;2021-08-09;B.1.351;Beta;VOC;VOC;False;1508;0
3;2022-01-06 20:17:41;2021-08-09;P.1;Gamma;VOC;VOC;False;1508;0
3;2022-01-06 20:17:41;2021-08-09;B.1.617.2;Delta;VOC;VOC;False;1508;1475
3;2022-01-06 20:17:41;2021-08-09;B.1.1.529;Omicron;VOC;VOC;False;1508;0
3;2022-01-06 20:17:41;2021-08-09;B.1.621;Mu;VOI;VOI;False;1508;1
3;2022-01-06 20:17:41;2021-08-09;C.37;Lambda;VOI;VOI;False;1508;0
3;2022-01-06 20:17:41;2021-08-09;AY.4.2;;VOI;;True;1508;0
3;2022-01-06 20:17:41;2021-08-09;C.36+S:L452R;;VUM;;False;1508;0
3;2022-01-06 20:17:41;2021-08-09;B.1.1.318;;VUM;;False;1508;0
3;2022-01-06 20:17:41;2021-08-09;P.1+S:P681H;;VUM;;True;1508;0
3;2022-01-06 20:17:41;2021-08-09;B.1.617.2+S:K417N;;VUM;;True;1508;1
3;2022-01-06 20:17:41;2021-08-09;C.1.2;;VUM;VUM;False;1508;0
3;2022-01-06 20:17:41;2021-08-09;B.1.617.2+S:E484del;;VUM;;True;1508;0
3;2022-01-06 20:17:41;2021-08-09;B.1.617.2+S:Q613H;;VUM;;True;1508;34
3;2022-01-06 20:17:41;2021-08-09;B.1.617.2+S:Q677H;;VUM;;True;1508;1
3;2022-01-06 20:17:41;2021-08-09;B.1.640;;VUM;VUM;False;1508;0
3;2022-01-06 20:17:41;2021-08-09;B.1.1.7;Alpha;DEV;VOI;False;1508;32
3;2022-01-06 20:17:41;2021-08-09;B.1.525;;DEV;VUM;False;1508;0
3;2022-01-06 20:17:41;2021-08-09;B.1.617.1;;DEV;VUM;False;1508;0
3;2022-01-06 20:17:41;2021-08-09;B.1.526;;DEV;VUM;False;1508;0
3;2022-01-06 20:17:41;2021-08-09;B.1.1.519;;DEV;VUM;False;1508;0
3;2022-01-06 20:17:41;2021-08-09;B.1.630;;;VUM;False;1508;0
3;2022-01-06 20:17:41;2021-08-09;AZ.5;;;VUM;True;1508;0
3;2022-01-06 20:17:41;2021-08-16;B.1.351;Beta;VOC;VOC;False;1757;0
3;2022-01-06 20:17:41;2021-08-16;P.1;Gamma;VOC;VOC;False;1757;3
3;2022-01-06 20:17:41;2021-08-16;B.1.617.2;Delta;VOC;VOC;False;1757;1748
3;2022-01-06 20:17:41;2021-08-16;B.1.1.529;Omicron;VOC;VOC;False;1757;0
3;2022-01-06 20:17:41;2021-08-16;B.1.621;Mu;VOI;VOI;False;1757;0
3;2022-01-06 20:17:41;2021-08-16;C.37;Lambda;VOI;VOI;False;1757;0
3;2022-01-06 20:17:41;2021-08-16;AY.4.2;;VOI;;True;1757;2
3;2022-01-06 20:17:41;2021-08-16;C.36+S:L452R;;VUM;;False;1757;0
3;2022-01-06 20:17:41;2021-08-16;B.1.1.318;;VUM;;False;1757;0
3;2022-01-06 20:17:41;2021-08-16;P.1+S:P681H;;VUM;;True;1757;0
3;2022-01-06 20:17:41;2021-08-16;B.1.617.2+S:K417N;;VUM;;True;1757;2
3;2022-01-06 20:17:41;2021-08-16;C.1.2;;VUM;VUM;False;1757;0
3;2022-01-06 20:17:41;2021-08-16;B.1.617.2+S:E484del;;VUM;;True;1757;0
3;2022-01-06 20:17:41;2021-08-16;B.1.617.2+S:Q613H;;VUM;;True;1757;67
3;2022-01-06 20:17:41;2021-08-16;B.1.617.2+S:Q677H;;VUM;;True;1757;9
3;2022-01-06 20:17:41;2021-08-16;B.1.640;;VUM;VUM;False;1757;0
3;2022-01-06 20:17:41;2021-08-16;B.1.1.7;Alpha;DEV;VOI;False;1757;6
3;2022-01-06 20:17:41;2021-08-16;B.1.525;;DEV;VUM;False;1757;0
3;2022-01-06 20:17:41;2021-08-16;B.1.617.1;;DEV;VUM;False;1757;0
3;2022-01-06 20:17:41;2021-08-16;B.1.526;;DEV;VUM;False;1757;0
3;2022-01-06 20:17:41;2021-08-16;B.1.1.519;;DEV;VUM;False;1757;0
3;2022-01-06 20:17:41;2021-08-16;B.1.630;;;VUM;False;1757;0
3;2022-01-06 20:17:41;2021-08-16;AZ.5;;;VUM;True;1757;0
3;2022-01-06 20:17:41;2021-08-23;B.1.351;Beta;VOC;VOC;False;1672;0
3;2022-01-06 20:17:41;2021-08-23;P.1;Gamma;VOC;VOC;False;1672;1
3;2022-01-06 20:17:41;2021-08-23;B.1.617.2;Delta;VOC;VOC;False;1672;1667
3;2022-01-06 20:17:41;2021-08-23;B.1.1.529;Omicron;VOC;VOC;False;1672;0
3;2022-01-06 20:17:41;2021-08-23;B.1.621;Mu;VOI;VOI;False;1672;0
3;2022-01-06 20:17:41;2021-08-23;C.37;Lambda;VOI;VOI;False;1672;0
3;2022-01-06 20:17:41;2021-08-23;AY.4.2;;VOI;;True;1672;2
3;2022-01-06 20:17:41;2021-08-23;C.36+S:L452R;;VUM;;False;1672;0
3;2022-01-06 20:17:41;2021-08-23;B.1.1.318;;VUM;;False;1672;0
3;2022-01-06 20:17:41;2021-08-23;P.1+S:P681H;;VUM;;True;1672;0
3;2022-01-06 20:17:41;2021-08-23;B.1.617.2+S:K417N;;VUM;;True;1672;0
3;2022-01-06 20:17:41;2021-08-23;C.1.2;;VUM;VUM;False;1672;0
3;2022-01-06 20:17:41;2021-08-23;B.1.617.2+S:E484del;;VUM;;True;1672;0
3;2022-01-06 20:17:41;2021-08-23;B.1.617.2+S:Q613H;;VUM;;True;1672;53
3;2022-01-06 20:17:41;2021-08-23;B.1.617.2+S:Q677H;;VUM;;True;1672;15
3;2022-01-06 20:17:41;2021-08-23;B.1.640;;VUM;VUM;False;1672;0
3;2022-01-06 20:17:41;2021-08-23;B.1.1.7;Alpha;DEV;VOI;False;1672;3
3;2022-01-06 20:17:41;2021-08-23;B.1.525;;DEV;VUM;False;1672;0
3;2022-01-06 20:17:41;2021-08-23;B.1.617.1;;DEV;VUM;False;1672;0
3;2022-01-06 20:17:41;2021-08-23;B.1.526;;DEV;VUM;False;1672;0
3;2022-01-06 20:17:41;2021-08-23;B.1.1.519;;DEV;VUM;False;1672;0
3;2022-01-06 20:17:41;2021-08-23;B.1.630;;;VUM;False;1672;0
3;2022-01-06 20:17:41;2021-08-23;AZ.5;;;VUM;True;1672;0
3;2022-01-06 20:17:41;2021-08-30;B.1.351;Beta;VOC;VOC;False;1488;0
3;2022-01-06 20:17:41;2021-08-30;P.1;Gamma;VOC;VOC;False;1488;0
3;2022-01-06 20:17:41;2021-08-30;B.1.617.2;Delta;VOC;VOC;False;1488;1485
3;2022-01-06 20:17:41;2021-08-30;B.1.1.529;Omicron;VOC;VOC;False;1488;0
3;2022-01-06 20:17:41;2021-08-30;B.1.621;Mu;VOI;VOI;False;1488;0
3;2022-01-06 20:17:41;2021-08-30;C.37;Lambda;VOI;VOI;False;1488;0
3;2022-01-06 20:17:41;2021-08-30;AY.4.2;;VOI;;True;1488;4
3;2022-01-06 20:17:41;2021-08-30;C.36+S:L452R;;VUM;;False;1488;0
3;2022-01-06 20:17:41;2021-08-30;B.1.1.318;;VUM;;False;1488;0
3;2022-01-06 20:17:41;2021-08-30;P.1+S:P681H;;VUM;;True;1488;0
3;2022-01-06 20:17:41;2021-08-30;B.1.617.2+S:K417N;;VUM;;True;1488;1
3;2022-01-06 20:17:41;2021-08-30;C.1.2;;VUM;VUM;False;1488;0
3;2022-01-06 20:17:41;2021-08-30;B.1.617.2+S:E484del;;VUM;;True;1488;0
3;2022-01-06 20:17:41;2021-08-30;B.1.617.2+S:Q613H;;VUM;;True;1488;51
3;2022-01-06 20:17:41;2021-08-30;B.1.617.2+S:Q677H;;VUM;;True;1488;18
3;2022-01-06 20:17:41;2021-08-30;B.1.640;;VUM;VUM;False;1488;0
3;2022-01-06 20:17:41;2021-08-30;B.1.1.7;Alpha;DEV;VOI;False;1488;3
3;2022-01-06 20:17:41;2021-08-30;B.1.525;;DEV;VUM;False;1488;0
3;2022-01-06 20:17:41;2021-08-30;B.1.617.1;;DEV;VUM;False;1488;0
3;2022-01-06 20:17:41;2021-08-30;B.1.526;;DEV;VUM;False;1488;0
3;2022-01-06 20:17:41;2021-08-30;B.1.1.519;;DEV;VUM;False;1488;0
3;2022-01-06 20:17:41;2021-08-30;B.1.630;;;VUM;False;1488;0
3;2022-01-06 20:17:41;2021-08-30;AZ.5;;;VUM;True;1488;0
3;2022-01-06 20:17:41;2021-09-06;B.1.351;Beta;VOC;VOC;False;1490;0
3;2022-01-06 20:17:41;2021-09-06;P.1;Gamma;VOC;VOC;False;1490;1
3;2022-01-06 20:17:41;2021-09-06;B.1.617.2;Delta;VOC;VOC;False;1490;1487
3;2022-01-06 20:17:41;2021-09-06;B.1.1.529;Omicron;VOC;VOC;False;1490;0
3;2022-01-06 20:17:41;2021-09-06;B.1.621;Mu;VOI;VOI;False;1490;0
3;2022-01-06 20:17:41;2021-09-06;C.37;Lambda;VOI;VOI;False;1490;0
3;2022-01-06 20:17:41;2021-09-06;AY.4.2;;VOI;;True;1490;2
3;2022-01-06 20:17:41;2021-09-06;C.36+S:L452R;;VUM;;False;1490;0
3;2022-01-06 20:17:41;2021-09-06;B.1.1.318;;VUM;;False;1490;0
3;2022-01-06 20:17:41;2021-09-06;P.1+S:P681H;;VUM;;True;1490;0
3;2022-01-06 20:17:41;2021-09-06;B.1.617.2+S:K417N;;VUM;;True;1490;0
3;2022-01-06 20:17:41;2021-09-06;C.1.2;;VUM;VUM;False;1490;0
3;2022-01-06 20:17:41;2021-09-06;B.1.617.2+S:E484del;;VUM;;True;1490;0
3;2022-01-06 20:17:41;2021-09-06;B.1.617.2+S:Q613H;;VUM;;True;1490;58
3;2022-01-06 20:17:41;2021-09-06;B.1.617.2+S:Q677H;;VUM;;True;1490;26
3;2022-01-06 20:17:41;2021-09-06;B.1.640;;VUM;VUM;False;1490;0
3;2022-01-06 20:17:41;2021-09-06;B.1.1.7;Alpha;DEV;VOI;False;1490;2
3;2022-01-06 20:17:41;2021-09-06;B.1.525;;DEV;VUM;False;1490;0
3;2022-01-06 20:17:41;2021-09-06;B.1.617.1;;DEV;VUM;False;1490;0
3;2022-01-06 20:17:41;2021-09-06;B.1.526;;DEV;VUM;False;1490;0
3;2022-01-06 20:17:41;2021-09-06;B.1.1.519;;DEV;VUM;False;1490;0
3;2022-01-06 20:17:41;2021-09-06;B.1.630;;;VUM;False;1490;0
3;2022-01-06 20:17:41;2021-09-06;AZ.5;;;VUM;True;1490;0
3;2022-01-06 20:17:41;2021-09-13;B.1.351;Beta;VOC;VOC;False;1490;0
3;2022-01-06 20:17:41;2021-09-13;P.1;Gamma;VOC;VOC;False;1490;0
3;2022-01-06 20:17:41;2021-09-13;B.1.617.2;Delta;VOC;VOC;False;1490;1489
3;2022-01-06 20:17:41;2021-09-13;B.1.1.529;Omicron;VOC;VOC;False;1490;0
3;2022-01-06 20:17:41;2021-09-13;B.1.621;Mu;VOI;VOI;False;1490;0
3;2022-01-06 20:17:41;2021-09-13;C.37;Lambda;VOI;VOI;False;1490;0
3;2022-01-06 20:17:41;2021-09-13;AY.4.2;;VOI;;True;1490;1
3;2022-01-06 20:17:41;2021-09-13;C.36+S:L452R;;VUM;;False;1490;0
3;2022-01-06 20:17:41;2021-09-13;B.1.1.318;;VUM;;False;1490;0
3;2022-01-06 20:17:41;2021-09-13;P.1+S:P681H;;VUM;;True;1490;0
3;2022-01-06 20:17:41;2021-09-13;B.1.617.2+S:K417N;;VUM;;True;1490;0
3;2022-01-06 20:17:41;2021-09-13;C.1.2;;VUM;VUM;False;1490;0
3;2022-01-06 20:17:41;2021-09-13;B.1.617.2+S:E484del;;VUM;;True;1490;0
3;2022-01-06 20:17:41;2021-09-13;B.1.617.2+S:Q613H;;VUM;;True;1490;61
3;2022-01-06 20:17:41;2021-09-13;B.1.617.2+S:Q677H;;VUM;;True;1490;13
3;2022-01-06 20:17:41;2021-09-13;B.1.640;;VUM;VUM;False;1490;0
3;2022-01-06 20:17:41;2021-09-13;B.1.1.7;Alpha;DEV;VOI;False;1490;1
3;2022-01-06 20:17:41;2021-09-13;B.1.525;;DEV;VUM;False;1490;0
3;2022-01-06 20:17:41;2021-09-13;B.1.617.1;;DEV;VUM;False;1490;0
3;2022-01-06 20:17:41;2021-09-13;B.1.526;;DEV;VUM;False;1490;0
3;2022-01-06 20:17:41;2021-09-13;B.1.1.519;;DEV;VUM;False;1490;0
3;2022-01-06 20:17:41;2021-09-13;B.1.630;;;VUM;False;1490;0
3;2022-01-06 20:17:41;2021-09-13;AZ.5;;;VUM;True;1490;0
3;2022-01-06 20:17:41;2021-09-20;B.1.351;Beta;VOC;VOC;False;1360;0
3;2022-01-06 20:17:41;2021-09-20;P.1;Gamma;VOC;VOC;False;1360;0
3;2022-01-06 20:17:41;2021-09-20;B.1.617.2;Delta;VOC;VOC;False;1360;1359
3;2022-01-06 20:17:41;2021-09-20;B.1.1.529;Omicron;VOC;VOC;False;1360;0
3;2022-01-06 20:17:41;2021-09-20;B.1.621;Mu;VOI;VOI;False;1360;0
3;2022-01-06 20:17:41;2021-09-20;C.37;Lambda;VOI;VOI;False;1360;0
3;2022-01-06 20:17:41;2021-09-20;AY.4.2;;VOI;;True;1360;3
3;2022-01-06 20:17:41;2021-09-20;C.36+S:L452R;;VUM;;False;1360;0
3;2022-01-06 20:17:41;2021-09-20;B.1.1.318;;VUM;;False;1360;0
3;2022-01-06 20:17:41;2021-09-20;P.1+S:P681H;;VUM;;True;1360;0
3;2022-01-06 20:17:41;2021-09-20;B.1.617.2+S:K417N;;VUM;;True;1360;1
3;2022-01-06 20:17:41;2021-09-20;C.1.2;;VUM;VUM;False;1360;0
3;2022-01-06 20:17:41;2021-09-20;B.1.617.2+S:E484del;;VUM;;True;1360;0
3;2022-01-06 20:17:41;2021-09-20;B.1.617.2+S:Q613H;;VUM;;True;1360;42
3;2022-01-06 20:17:41;2021-09-20;B.1.617.2+S:Q677H;;VUM;;True;1360;12
3;2022-01-06 20:17:41;2021-09-20;B.1.640;;VUM;VUM;False;1360;0
3;2022-01-06 20:17:41;2021-09-20;B.1.1.7;Alpha;DEV;VOI;False;1360;0
3;2022-01-06 20:17:41;2021-09-20;B.1.525;;DEV;VUM;False;1360;0
3;2022-01-06 20:17:41;2021-09-20;B.1.617.1;;DEV;VUM;False;1360;0
3;2022-01-06 20:17:41;2021-09-20;B.1.526;;DEV;VUM;False;1360;0
3;2022-01-06 20:17:41;2021-09-20;B.1.1.519;;DEV;VUM;False;1360;0
3;2022-01-06 20:17:41;2021-09-20;B.1.630;;;VUM;False;1360;0
3;2022-01-06 20:17:41;2021-09-20;AZ.5;;;VUM;True;1360;0
3;2022-01-06 20:17:41;2021-09-27;B.1.351;Beta;VOC;VOC;False;1193;0
3;2022-01-06 20:17:41;2021-09-27;P.1;Gamma;VOC;VOC;False;1193;0
3;2022-01-06 20:17:41;2021-09-27;B.1.617.2;Delta;VOC;VOC;False;1193;1192
3;2022-01-06 20:17:41;2021-09-27;B.1.1.529;Omicron;VOC;VOC;False;1193;0
3;2022-01-06 20:17:41;2021-09-27;B.1.621;Mu;VOI;VOI;False;1193;0
3;2022-01-06 20:17:41;2021-09-27;C.37;Lambda;VOI;VOI;False;1193;0
3;2022-01-06 20:17:41;2021-09-27;AY.4.2;;VOI;;True;1193;7
3;2022-01-06 20:17:41;2021-09-27;C.36+S:L452R;;VUM;;False;1193;0
3;2022-01-06 20:17:41;2021-09-27;B.1.1.318;;VUM;;False;1193;0
3;2022-01-06 20:17:41;2021-09-27;P.1+S:P681H;;VUM;;True;1193;0
3;2022-01-06 20:17:41;2021-09-27;B.1.617.2+S:K417N;;VUM;;True;1193;0
3;2022-01-06 20:17:41;2021-09-27;C.1.2;;VUM;VUM;False;1193;0
3;2022-01-06 20:17:41;2021-09-27;B.1.617.2+S:E484del;;VUM;;True;1193;0
3;2022-01-06 20:17:41;2021-09-27;B.1.617.2+S:Q613H;;VUM;;True;1193;40
3;2022-01-06 20:17:41;2021-09-27;B.1.617.2+S:Q677H;;VUM;;True;1193;6
3;2022-01-06 20:17:41;2021-09-27;B.1.640;;VUM;VUM;False;1193;0
3;2022-01-06 20:17:41;2021-09-27;B.1.1.7;Alpha;DEV;VOI;False;1193;1
3;2022-01-06 20:17:41;2021-09-27;B.1.525;;DEV;VUM;False;1193;0
3;2022-01-06 20:17:41;2021-09-27;B.1.617.1;;DEV;VUM;False;1193;0
3;2022-01-06 20:17:41;2021-09-27;B.1.526;;DEV;VUM;False;1193;0
3;2022-01-06 20:17:41;2021-09-27;B.1.1.519;;DEV;VUM;False;1193;0
3;2022-01-06 20:17:41;2021-09-27;B.1.630;;;VUM;False;1193;0
3;2022-01-06 20:17:41;2021-09-27;AZ.5;;;VUM;True;1193;0
3;2022-01-06 20:17:41;2021-10-04;B.1.351;Beta;VOC;VOC;False;1479;0
3;2022-01-06 20:17:41;2021-10-04;P.1;Gamma;VOC;VOC;False;1479;0
3;2022-01-06 20:17:41;2021-10-04;B.1.617.2;Delta;VOC;VOC;False;1479;1479
3;2022-01-06 20:17:41;2021-10-04;B.1.1.529;Omicron;VOC;VOC;False;1479;0
3;2022-01-06 20:17:41;2021-10-04;B.1.621;Mu;VOI;VOI;False;1479;0
3;2022-01-06 20:17:41;2021-10-04;C.37;Lambda;VOI;VOI;False;1479;0
3;2022-01-06 20:17:41;2021-10-04;AY.4.2;;VOI;;True;1479;6
3;2022-01-06 20:17:41;2021-10-04;C.36+S:L452R;;VUM;;False;1479;0
3;2022-01-06 20:17:41;2021-10-04;B.1.1.318;;VUM;;False;1479;0
3;2022-01-06 20:17:41;2021-10-04;P.1+S:P681H;;VUM;;True;1479;0
3;2022-01-06 20:17:41;2021-10-04;B.1.617.2+S:K417N;;VUM;;True;1479;2
3;2022-01-06 20:17:41;2021-10-04;C.1.2;;VUM;VUM;False;1479;0
3;2022-01-06 20:17:41;2021-10-04;B.1.617.2+S:E484del;;VUM;;True;1479;0
3;2022-01-06 20:17:41;2021-10-04;B.1.617.2+S:Q613H;;VUM;;True;1479;50
3;2022-01-06 20:17:41;2021-10-04;B.1.617.2+S:Q677H;;VUM;;True;1479;11
3;2022-01-06 20:17:41;2021-10-04;B.1.640;;VUM;VUM;False;1479;0
3;2022-01-06 20:17:41;2021-10-04;B.1.1.7;Alpha;DEV;VOI;False;1479;0
3;2022-01-06 20:17:41;2021-10-04;B.1.525;;DEV;VUM;False;1479;0
3;2022-01-06 20:17:41;2021-10-04;B.1.617.1;;DEV;VUM;False;1479;0
3;2022-01-06 20:17:41;2021-10-04;B.1.526;;DEV;VUM;False;1479;0
3;2022-01-06 20:17:41;2021-10-04;B.1.1.519;;DEV;VUM;False;1479;0
3;2022-01-06 20:17:41;2021-10-04;B.1.630;;;VUM;False;1479;0
3;2022-01-06 20:17:41;2021-10-04;AZ.5;;;VUM;True;1479;0
3;2022-01-06 20:17:41;2021-10-11;B.1.351;Beta;VOC;VOC;False;1674;0
3;2022-01-06 20:17:41;2021-10-11;P.1;Gamma;VOC;VOC;False;1674;0
3;2022-01-06 20:17:41;2021-10-11;B.1.617.2;Delta;VOC;VOC;False;1674;1674
3;2022-01-06 20:17:41;2021-10-11;B.1.1.529;Omicron;VOC;VOC;False;1674;0
3;2022-01-06 20:17:41;2021-10-11;B.1.621;Mu;VOI;VOI;False;1674;0
3;2022-01-06 20:17:41;2021-10-11;C.37;Lambda;VOI;VOI;False;1674;0
3;2022-01-06 20:17:41;2021-10-11;AY.4.2;;VOI;;True;1674;3
3;2022-01-06 20:17:41;2021-10-11;C.36+S:L452R;;VUM;;False;1674;0
3;2022-01-06 20:17:41;2021-10-11;B.1.1.318;;VUM;;False;1674;0
3;2022-01-06 20:17:41;2021-10-11;P.1+S:P681H;;VUM;;True;1674;0
3;2022-01-06 20:17:41;2021-10-11;B.1.617.2+S:K417N;;VUM;;True;1674;1
3;2022-01-06 20:17:41;2021-10-11;C.1.2;;VUM;VUM;False;1674;0
3;2022-01-06 20:17:41;2021-10-11;B.1.617.2+S:E484del;;VUM;;True;1674;0
3;2022-01-06 20:17:41;2021-10-11;B.1.617.2+S:Q613H;;VUM;;True;1674;63
3;2022-01-06 20:17:41;2021-10-11;B.1.617.2+S:Q677H;;VUM;;True;1674;15
3;2022-01-06 20:17:41;2021-10-11;B.1.640;;VUM;VUM;False;1674;0
3;2022-01-06 20:17:41;2021-10-11;B.1.1.7;Alpha;DEV;VOI;False;1674;0
3;2022-01-06 20:17:41;2021-10-11;B.1.525;;DEV;VUM;False;1674;0
3;2022-01-06 20:17:41;2021-10-11;B.1.617.1;;DEV;VUM;False;1674;0
3;2022-01-06 20:17:41;2021-10-11;B.1.526;;DEV;VUM;False;1674;0
3;2022-01-06 20:17:41;2021-10-11;B.1.1.519;;DEV;VUM;False;1674;0
3;2022-01-06 20:17:41;2021-10-11;B.1.630;;;VUM;False;1674;0
3;2022-01-06 20:17:41;2021-10-11;AZ.5;;;VUM;True;1674;0
3;2022-01-06 20:17:41;2021-10-18;B.1.351;Beta;VOC;VOC;False;1514;0
3;2022-01-06 20:17:41;2021-10-18;P.1;Gamma;VOC;VOC;False;1514;0
3;2022-01-06 20:17:41;2021-10-18;B.1.617.2;Delta;VOC;VOC;False;1514;1514
3;2022-01-06 20:17:41;2021-10-18;B.1.1.529;Omicron;VOC;VOC;False;1514;0
3;2022-01-06 20:17:41;2021-10-18;B.1.621;Mu;VOI;VOI;False;1514;0
3;2022-01-06 20:17:41;2021-10-18;C.37;Lambda;VOI;VOI;False;1514;0
3;2022-01-06 20:17:41;2021-10-18;AY.4.2;;VOI;;True;1514;11
3;2022-01-06 20:17:41;2021-10-18;C.36+S:L452R;;VUM;;False;1514;0
3;2022-01-06 20:17:41;2021-10-18;B.1.1.318;;VUM;;False;1514;0
3;2022-01-06 20:17:41;2021-10-18;P.1+S:P681H;;VUM;;True;1514;0
3;2022-01-06 20:17:41;2021-10-18;B.1.617.2+S:K417N;;VUM;;True;1514;2
3;2022-01-06 20:17:41;2021-10-18;C.1.2;;VUM;VUM;False;1514;0
3;2022-01-06 20:17:41;2021-10-18;B.1.617.2+S:E484del;;VUM;;True;1514;0
3;2022-01-06 20:17:41;2021-10-18;B.1.617.2+S:Q613H;;VUM;;True;1514;44
3;2022-01-06 20:17:41;2021-10-18;B.1.617.2+S:Q677H;;VUM;;True;1514;10
3;2022-01-06 20:17:41;2021-10-18;B.1.640;;VUM;VUM;False;1514;0
3;2022-01-06 20:17:41;2021-10-18;B.1.1.7;Alpha;DEV;VOI;False;1514;0
3;2022-01-06 20:17:41;2021-10-18;B.1.525;;DEV;VUM;False;1514;0
3;2022-01-06 20:17:41;2021-10-18;B.1.617.1;;DEV;VUM;False;1514;0
3;2022-01-06 20:17:41;2021-10-18;B.1.526;;DEV;VUM;False;1514;0
3;2022-01-06 20:17:41;2021-10-18;B.1.1.519;;DEV;VUM;False;1514;0
3;2022-01-06 20:17:41;2021-10-18;B.1.630;;;VUM;False;1514;0
3;2022-01-06 20:17:41;2021-10-18;AZ.5;;;VUM;True;1514;0
3;2022-01-06 20:17:41;2021-10-25;B.1.351;Beta;VOC;VOC;False;1913;0
3;2022-01-06 20:17:41;2021-10-25;P.1;Gamma;VOC;VOC;False;1913;0
3;2022-01-06 20:17:41;2021-10-25;B.1.617.2;Delta;VOC;VOC;False;1913;1912
3;2022-01-06 20:17:41;2021-10-25;B.1.1.529;Omicron;VOC;VOC;False;1913;0
3;2022-01-06 20:17:41;2021-10-25;B.1.621;Mu;VOI;VOI;False;1913;0
3;2022-01-06 20:17:41;2021-10-25;C.37;Lambda;VOI;VOI;False;1913;0
3;2022-01-06 20:17:41;2021-10-25;AY.4.2;;VOI;;True;1913;23
3;2022-01-06 20:17:41;2021-10-25;C.36+S:L452R;;VUM;;False;1913;0
3;2022-01-06 20:17:41;2021-10-25;B.1.1.318;;VUM;;False;1913;0
3;2022-01-06 20:17:41;2021-10-25;P.1+S:P681H;;VUM;;True;1913;0
3;2022-01-06 20:17:41;2021-10-25;B.1.617.2+S:K417N;;VUM;;True;1913;0
3;2022-01-06 20:17:41;2021-10-25;C.1.2;;VUM;VUM;False;1913;0
3;2022-01-06 20:17:41;2021-10-25;B.1.617.2+S:E484del;;VUM;;True;1913;0
3;2022-01-06 20:17:41;2021-10-25;B.1.617.2+S:Q613H;;VUM;;True;1913;47
3;2022-01-06 20:17:41;2021-10-25;B.1.617.2+S:Q677H;;VUM;;True;1913;16
3;2022-01-06 20:17:41;2021-10-25;B.1.640;;VUM;VUM;False;1913;1
3;2022-01-06 20:17:41;2021-10-25;B.1.1.7;Alpha;DEV;VOI;False;1913;0
3;2022-01-06 20:17:41;2021-10-25;B.1.525;;DEV;VUM;False;1913;0
3;2022-01-06 20:17:41;2021-10-25;B.1.617.1;;DEV;VUM;False;1913;0
3;2022-01-06 20:17:41;2021-10-25;B.1.526;;DEV;VUM;False;1913;0
3;2022-01-06 20:17:41;2021-10-25;B.1.1.519;;DEV;VUM;False;1913;0
3;2022-01-06 20:17:41;2021-10-25;B.1.630;;;VUM;False;1913;0
3;2022-01-06 20:17:41;2021-10-25;AZ.5;;;VUM;True;1913;0
3;2022-01-06 20:17:41;2021-11-01;B.1.351;Beta;VOC;VOC;False;1994;0
3;2022-01-06 20:17:41;2021-11-01;P.1;Gamma;VOC;VOC;False;1994;0
3;2022-01-06 20:17:41;2021-11-01;B.1.617.2;Delta;VOC;VOC;False;1994;1994
3;2022-01-06 20:17:41;2021-11-01;B.1.1.529;Omicron;VOC;VOC;False;1994;0
3;2022-01-06 20:17:41;2021-11-01;B.1.621;Mu;VOI;VOI;False;1994;0
3;2022-01-06 20:17:41;2021-11-01;C.37;Lambda;VOI;VOI;False;1994;0
3;2022-01-06 20:17:41;2021-11-01;AY.4.2;;VOI;;True;1994;42
3;2022-01-06 20:17:41;2021-11-01;C.36+S:L452R;;VUM;;False;1994;0
3;2022-01-06 20:17:41;2021-11-01;B.1.1.318;;VUM;;False;1994;0
3;2022-01-06 20:17:41;2021-11-01;P.1+S:P681H;;VUM;;True;1994;0
3;2022-01-06 20:17:41;2021-11-01;B.1.617.2+S:K417N;;VUM;;True;1994;0
3;2022-01-06 20:17:41;2021-11-01;C.1.2;;VUM;VUM;False;1994;0
3;2022-01-06 20:17:41;2021-11-01;B.1.617.2+S:E484del;;VUM;;True;1994;0
3;2022-01-06 20:17:41;2021-11-01;B.1.617.2+S:Q613H;;VUM;;True;1994;37
3;2022-01-06 20:17:41;2021-11-01;B.1.617.2+S:Q677H;;VUM;;True;1994;33
3;2022-01-06 20:17:41;2021-11-01;B.1.640;;VUM;VUM;False;1994;0
3;2022-01-06 20:17:41;2021-11-01;B.1.1.7;Alpha;DEV;VOI;False;1994;0
3;2022-01-06 20:17:41;2021-11-01;B.1.525;;DEV;VUM;False;1994;0
3;2022-01-06 20:17:41;2021-11-01;B.1.617.1;;DEV;VUM;False;1994;0
3;2022-01-06 20:17:41;2021-11-01;B.1.526;;DEV;VUM;False;1994;0
3;2022-01-06 20:17:41;2021-11-01;B.1.1.519;;DEV;VUM;False;1994;0
3;2022-01-06 20:17:41;2021-11-01;B.1.630;;;VUM;False;1994;0
3;2022-01-06 20:17:41;2021-11-01;AZ.5;;;VUM;True;1994;0
3;2022-01-06 20:17:41;2021-11-08;B.1.351;Beta;VOC;VOC;False;1803;0
3;2022-01-06 20:17:41;2021-11-08;P.1;Gamma;VOC;VOC;False;1803;0
3;2022-01-06 20:17:41;2021-11-08;B.1.617.2;Delta;VOC;VOC;False;1803;1803
3;2022-01-06 20:17:41;2021-11-08;B.1.1.529;Omicron;VOC;VOC;False;1803;0
3;2022-01-06 20:17:41;2021-11-08;B.1.621;Mu;VOI;VOI;False;1803;0
3;2022-01-06 20:17:41;2021-11-08;C.37;Lambda;VOI;VOI;False;1803;0
3;2022-01-06 20:17:41;2021-11-08;AY.4.2;;VOI;;True;1803;42
3;2022-01-06 20:17:41;2021-11-08;C.36+S:L452R;;VUM;;False;1803;0
3;2022-01-06 20:17:41;2021-11-08;B.1.1.318;;VUM;;False;1803;0
3;2022-01-06 20:17:41;2021-11-08;P.1+S:P681H;;VUM;;True;1803;0
3;2022-01-06 20:17:41;2021-11-08;B.1.617.2+S:K417N;;VUM;;True;1803;2
3;2022-01-06 20:17:41;2021-11-08;C.1.2;;VUM;VUM;False;1803;0
3;2022-01-06 20:17:41;2021-11-08;B.1.617.2+S:E484del;;VUM;;True;1803;0
3;2022-01-06 20:17:41;2021-11-08;B.1.617.2+S:Q613H;;VUM;;True;1803;28
3;2022-01-06 20:17:41;2021-11-08;B.1.617.2+S:Q677H;;VUM;;True;1803;38
3;2022-01-06 20:17:41;2021-11-08;B.1.640;;VUM;VUM;False;1803;0
3;2022-01-06 20:17:41;2021-11-08;B.1.1.7;Alpha;DEV;VOI;False;1803;0
3;2022-01-06 20:17:41;2021-11-08;B.1.525;;DEV;VUM;False;1803;0
3;2022-01-06 20:17:41;2021-11-08;B.1.617.1;;DEV;VUM;False;1803;0
3;2022-01-06 20:17:41;2021-11-08;B.1.526;;DEV;VUM;False;1803;0
3;2022-01-06 20:17:41;2021-11-08;B.1.1.519;;DEV;VUM;False;1803;0
3;2022-01-06 20:17:41;2021-11-08;B.1.630;;;VUM;False;1803;0
3;2022-01-06 20:17:41;2021-11-08;AZ.5;;;VUM;True;1803;0
3;2022-01-06 20:17:41;2021-11-15;B.1.351;Beta;VOC;VOC;False;1894;0
3;2022-01-06 20:17:41;2021-11-15;P.1;Gamma;VOC;VOC;False;1894;0
3;2022-01-06 20:17:41;2021-11-15;B.1.617.2;Delta;VOC;VOC;False;1894;1894
3;2022-01-06 20:17:41;2021-11-15;B.1.1.529;Omicron;VOC;VOC;False;1894;0
3;2022-01-06 20:17:41;2021-11-15;B.1.621;Mu;VOI;VOI;False;1894;0
3;2022-01-06 20:17:41;2021-11-15;C.37;Lambda;VOI;VOI;False;1894;0
3;2022-01-06 20:17:41;2021-11-15;AY.4.2;;VOI;;True;1894;44
3;2022-01-06 20:17:41;2021-11-15;C.36+S:L452R;;VUM;;False;1894;0
3;2022-01-06 20:17:41;2021-11-15;B.1.1.318;;VUM;;False;1894;0
3;2022-01-06 20:17:41;2021-11-15;P.1+S:P681H;;VUM;;True;1894;0
3;2022-01-06 20:17:41;2021-11-15;B.1.617.2+S:K417N;;VUM;;True;1894;0
3;2022-01-06 20:17:41;2021-11-15;C.1.2;;VUM;VUM;False;1894;0
3;2022-01-06 20:17:41;2021-11-15;B.1.617.2+S:E484del;;VUM;;True;1894;0
3;2022-01-06 20:17:41;2021-11-15;B.1.617.2+S:Q613H;;VUM;;True;1894;20
3;2022-01-06 20:17:41;2021-11-15;B.1.617.2+S:Q677H;;VUM;;True;1894;38
3;2022-01-06 20:17:41;2021-11-15;B.1.640;;VUM;VUM;False;1894;0
3;2022-01-06 20:17:41;2021-11-15;B.1.1.7;Alpha;DEV;VOI;False;1894;0
3;2022-01-06 20:17:41;2021-11-15;B.1.525;;DEV;VUM;False;1894;0
3;2022-01-06 20:17:41;2021-11-15;B.1.617.1;;DEV;VUM;False;1894;0
3;2022-01-06 20:17:41;2021-11-15;B.1.526;;DEV;VUM;False;1894;0
3;2022-01-06 20:17:41;2021-11-15;B.1.1.519;;DEV;VUM;False;1894;0
3;2022-01-06 20:17:41;2021-11-15;B.1.630;;;VUM;False;1894;0
3;2022-01-06 20:17:41;2021-11-15;AZ.5;;;VUM;True;1894;0
3;2022-01-06 20:17:41;2021-11-22;B.1.351;Beta;VOC;VOC;False;1927;0
3;2022-01-06 20:17:41;2021-11-22;P.1;Gamma;VOC;VOC;False;1927;0
3;2022-01-06 20:17:41;2021-11-22;B.1.617.2;Delta;VOC;VOC;False;1927;1923
3;2022-01-06 20:17:41;2021-11-22;B.1.1.529;Omicron;VOC;VOC;False;1927;4
3;2022-01-06 20:17:41;2021-11-22;B.1.621;Mu;VOI;VOI;False;1927;0
3;2022-01-06 20:17:41;2021-11-22;C.37;Lambda;VOI;VOI;False;1927;0
3;2022-01-06 20:17:41;2021-11-22;AY.4.2;;VOI;;True;1927;50
3;2022-01-06 20:17:41;2021-11-22;C.36+S:L452R;;VUM;;False;1927;0
3;2022-01-06 20:17:41;2021-11-22;B.1.1.318;;VUM;;False;1927;0
3;2022-01-06 20:17:41;2021-11-22;P.1+S:P681H;;VUM;;True;1927;0
3;2022-01-06 20:17:41;2021-11-22;B.1.617.2+S:K417N;;VUM;;True;1927;0
3;2022-01-06 20:17:41;2021-11-22;C.1.2;;VUM;VUM;False;1927;0
3;2022-01-06 20:17:41;2021-11-22;B.1.617.2+S:E484del;;VUM;;True;1927;0
3;2022-01-06 20:17:41;2021-11-22;B.1.617.2+S:Q613H;;VUM;;True;1927;23
3;2022-01-06 20:17:41;2021-11-22;B.1.617.2+S:Q677H;;VUM;;True;1927;44
3;2022-01-06 20:17:41;2021-11-22;B.1.640;;VUM;VUM;False;1927;0
3;2022-01-06 20:17:41;2021-11-22;B.1.1.7;Alpha;DEV;VOI;False;1927;0
3;2022-01-06 20:17:41;2021-11-22;B.1.525;;DEV;VUM;False;1927;0
3;2022-01-06 20:17:41;2021-11-22;B.1.617.1;;DEV;VUM;False;1927;0
3;2022-01-06 20:17:41;2021-11-22;B.1.526;;DEV;VUM;False;1927;0
3;2022-01-06 20:17:41;2021-11-22;B.1.1.519;;DEV;VUM;False;1927;0
3;2022-01-06 20:17:41;2021-11-22;B.1.630;;;VUM;False;1927;0
3;2022-01-06 20:17:41;2021-11-22;AZ.5;;;VUM;True;1927;0
3;2022-01-06 20:17:41;2021-11-29;B.1.351;Beta;VOC;VOC;False;1892;0
3;2022-01-06 20:17:41;2021-11-29;P.1;Gamma;VOC;VOC;False;1892;0
3;2022-01-06 20:17:41;2021-11-29;B.1.617.2;Delta;VOC;VOC;False;1892;1883
3;2022-01-06 20:17:41;2021-11-29;B.1.1.529;Omicron;VOC;VOC;False;1892;9
3;2022-01-06 20:17:41;2021-11-29;B.1.621;Mu;VOI;VOI;False;1892;0
3;2022-01-06 20:17:41;2021-11-29;C.37;Lambda;VOI;VOI;False;1892;0
3;2022-01-06 20:17:41;2021-11-29;AY.4.2;;VOI;;True;1892;50
3;2022-01-06 20:17:41;2021-11-29;C.36+S:L452R;;VUM;;False;1892;0
3;2022-01-06 20:17:41;2021-11-29;B.1.1.318;;VUM;;False;1892;0
3;2022-01-06 20:17:41;2021-11-29;P.1+S:P681H;;VUM;;True;1892;0
3;2022-01-06 20:17:41;2021-11-29;B.1.617.2+S:K417N;;VUM;;True;1892;0
3;2022-01-06 20:17:41;2021-11-29;C.1.2;;VUM;VUM;False;1892;0
3;2022-01-06 20:17:41;2021-11-29;B.1.617.2+S:E484del;;VUM;;True;1892;0
3;2022-01-06 20:17:41;2021-11-29;B.1.617.2+S:Q613H;;VUM;;True;1892;26
3;2022-01-06 20:17:41;2021-11-29;B.1.617.2+S:Q677H;;VUM;;True;1892;52
3;2022-01-06 20:17:41;2021-11-29;B.1.640;;VUM;VUM;False;1892;0
3;2022-01-06 20:17:41;2021-11-29;B.1.1.7;Alpha;DEV;VOI;False;1892;0
3;2022-01-06 20:17:41;2021-11-29;B.1.525;;DEV;VUM;False;1892;0
3;2022-01-06 20:17:41;2021-11-29;B.1.617.1;;DEV;VUM;False;1892;0
3;2022-01-06 20:17:41;2021-11-29;B.1.526;;DEV;VUM;False;1892;0
3;2022-01-06 20:17:41;2021-11-29;B.1.1.519;;DEV;VUM;False;1892;0
3;2022-01-06 20:17:41;2021-11-29;B.1.630;;;VUM;False;1892;0
3;2022-01-06 20:17:41;2021-11-29;AZ.5;;;VUM;True;1892;0
3;2022-01-06 20:17:41;2021-12-06;B.1.351;Beta;VOC;VOC;False;1876;0
3;2022-01-06 20:17:41;2021-12-06;P.1;Gamma;VOC;VOC;False;1876;0
3;2022-01-06 20:17:41;2021-12-06;B.1.617.2;Delta;VOC;VOC;False;1876;1848
3;2022-01-06 20:17:41;2021-12-06;B.1.1.529;Omicron;VOC;VOC;False;1876;27
3;2022-01-06 20:17:41;2021-12-06;B.1.621;Mu;VOI;VOI;False;1876;0
3;2022-01-06 20:17:41;2021-12-06;C.37;Lambda;VOI;VOI;False;1876;0
3;2022-01-06 20:17:41;2021-12-06;AY.4.2;;VOI;;True;1876;60
3;2022-01-06 20:17:41;2021-12-06;C.36+S:L452R;;VUM;;False;1876;0
3;2022-01-06 20:17:41;2021-12-06;B.1.1.318;;VUM;;False;1876;0
3;2022-01-06 20:17:41;2021-12-06;P.1+S:P681H;;VUM;;True;1876;0
3;2022-01-06 20:17:41;2021-12-06;B.1.617.2+S:K417N;;VUM;;True;1876;0
3;2022-01-06 20:17:41;2021-12-06;C.1.2;;VUM;VUM;False;1876;0
3;2022-01-06 20:17:41;2021-12-06;B.1.617.2+S:E484del;;VUM;;True;1876;0
3;2022-01-06 20:17:41;2021-12-06;B.1.617.2+S:Q613H;;VUM;;True;1876;19
3;2022-01-06 20:17:41;2021-12-06;B.1.617.2+S:Q677H;;VUM;;True;1876;48
3;2022-01-06 20:17:41;2021-12-06;B.1.640;;VUM;VUM;False;1876;0
3;2022-01-06 20:17:41;2021-12-06;B.1.1.7;Alpha;DEV;VOI;False;1876;0
3;2022-01-06 20:17:41;2021-12-06;B.1.525;;DEV;VUM;False;1876;0
3;2022-01-06 20:17:41;2021-12-06;B.1.617.1;;DEV;VUM;False;1876;0
3;2022-01-06 20:17:41;2021-12-06;B.1.526;;DEV;VUM;False;1876;0
3;2022-01-06 20:17:41;2021-12-06;B.1.1.519;;DEV;VUM;False;1876;0
3;2022-01-06 20:17:41;2021-12-06;B.1.630;;;VUM;False;1876;0
3;2022-01-06 20:17:41;2021-12-06;AZ.5;;;VUM;True;1876;0
3;2022-01-06 20:17:41;2021-12-13;B.1.351;Beta;VOC;VOC;False;1827;0
3;2022-01-06 20:17:41;2021-12-13;P.1;Gamma;VOC;VOC;False;1827;0
3;2022-01-06 20:17:41;2021-12-13;B.1.617.2;Delta;VOC;VOC;False;1827;1662
3;2022-01-06 20:17:41;2021-12-13;B.1.1.529;Omicron;VOC;VOC;False;1827;164
3;2022-01-06 20:17:41;2021-12-13;B.1.621;Mu;VOI;VOI;False;1827;0
3;2022-01-06 20:17:41;2021-12-13;C.37;Lambda;VOI;VOI;False;1827;0
3;2022-01-06 20:17:41;2021-12-13;AY.4.2;;VOI;;True;1827;58
3;2022-01-06 20:17:41;2021-12-13;C.36+S:L452R;;VUM;;False;1827;0
3;2022-01-06 20:17:41;2021-12-13;B.1.1.318;;VUM;;False;1827;0
3;2022-01-06 20:17:41;2021-12-13;P.1+S:P681H;;VUM;;True;1827;0
3;2022-01-06 20:17:41;2021-12-13;B.1.617.2+S:K417N;;VUM;;True;1827;0
3;2022-01-06 20:17:41;2021-12-13;C.1.2;;VUM;VUM;False;1827;0
3;2022-01-06 20:17:41;2021-12-13;B.1.617.2+S:E484del;;VUM;;True;1827;0
3;2022-01-06 20:17:41;2021-12-13;B.1.617.2+S:Q613H;;VUM;;True;1827;13
3;2022-01-06 20:17:41;2021-12-13;B.1.617.2+S:Q677H;;VUM;;True;1827;42
3;2022-01-06 20:17:41;2021-12-13;B.1.640;;VUM;VUM;False;1827;0
3;2022-01-06 20:17:41;2021-12-13;B.1.1.7;Alpha;DEV;VOI;False;1827;0
3;2022-01-06 20:17:41;2021-12-13;B.1.525;;DEV;VUM;False;1827;0
3;2022-01-06 20:17:41;2021-12-13;B.1.617.1;;DEV;VUM;False;1827;0
3;2022-01-06 20:17:41;2021-12-13;B.1.526;;DEV;VUM;False;1827;0
3;2022-01-06 20:17:41;2021-12-13;B.1.1.519;;DEV;VUM;False;1827;0
3;2022-01-06 20:17:41;2021-12-13;B.1.630;;;VUM;False;1827;0
3;2022-01-06 20:17:41;2021-12-13;AZ.5;;;VUM;True;1827;0
3;2022-01-06 20:17:41;2021-12-20;B.1.351;Beta;VOC;VOC;False;1293;0
3;2022-01-06 20:17:41;2021-12-20;P.1;Gamma;VOC;VOC;False;1293;0
3;2022-01-06 20:17:41;2021-12-20;B.1.617.2;Delta;VOC;VOC;False;1293;930
3;2022-01-06 20:17:41;2021-12-20;B.1.1.529;Omicron;VOC;VOC;False;1293;363
3;2022-01-06 20:17:41;2021-12-20;B.1.621;Mu;VOI;VOI;False;1293;0
3;2022-01-06 20:17:41;2021-12-20;C.37;Lambda;VOI;VOI;False;1293;0
3;2022-01-06 20:17:41;2021-12-20;AY.4.2;;VOI;;True;1293;44
3;2022-01-06 20:17:41;2021-12-20;C.36+S:L452R;;VUM;;False;1293;0
3;2022-01-06 20:17:41;2021-12-20;B.1.1.318;;VUM;;False;1293;0
3;2022-01-06 20:17:41;2021-12-20;P.1+S:P681H;;VUM;;True;1293;0
3;2022-01-06 20:17:41;2021-12-20;B.1.617.2+S:K417N;;VUM;;True;1293;0
3;2022-01-06 20:17:41;2021-12-20;C.1.2;;VUM;VUM;False;1293;0
3;2022-01-06 20:17:41;2021-12-20;B.1.617.2+S:E484del;;VUM;;True;1293;0
3;2022-01-06 20:17:41;2021-12-20;B.1.617.2+S:Q613H;;VUM;;True;1293;11
3;2022-01-06 20:17:41;2021-12-20;B.1.617.2+S:Q677H;;VUM;;True;1293;19
3;2022-01-06 20:17:41;2021-12-20;B.1.640;;VUM;VUM;False;1293;0
3;2022-01-06 20:17:41;2021-12-20;B.1.1.7;Alpha;DEV;VOI;False;1293;0
3;2022-01-06 20:17:41;2021-12-20;B.1.525;;DEV;VUM;False;1293;0
3;2022-01-06 20:17:41;2021-12-20;B.1.617.1;;DEV;VUM;False;1293;0
3;2022-01-06 20:17:41;2021-12-20;B.1.526;;DEV;VUM;False;1293;0
3;2022-01-06 20:17:41;2021-12-20;B.1.1.519;;DEV;VUM;False;1293;0
3;2022-01-06 20:17:41;2021-12-20;B.1.630;;;VUM;False;1293;0
3;2022-01-06 20:17:41;2021-12-20;AZ.5;;;VUM;True;1293;0
